"Order_ID","Order_Line","Sales_Date","Delivery_Date","Product_Delivery_Status","Product","Product_Feedback","Sales_Region","Quantity","Sales_Amount"
"P096311",10,"2016-7-30","2016-9-30","Late delivery","Product3","Quality Passed","North China",2,"1052.75"
"P096826",10,"2016-8-30","2016-10-30","On time delivery","Product3","Quality Passed","North China",10,"115.00 thousand"
"",20,"2016-8-30","2016-10-30","On time delivery","Product3","Quality Passed","North China",10,"115.00 thousand"
"P097435",10,"2016-7-30","2016-9-30","On time delivery","Product1","Rework","South China",2,"6858.77"
"P097446",60,"2016-11-26","2017-1-26","Late delivery","Product3","Quality Passed","North China",15,"129.58"
"P097446",80,"2016-11-26","2017-1-26","Late delivery","Product3","Rejected","North China",15,"32.39"
"P098065",10,"2016-7-15","2016-10-15","On time delivery","Product2","Rework","East China",1,"22192.97"
"P098065",20,"2016-8-10","2016-11-10","On time delivery","Product1","Quality Passed","South China",1,"25723.04"
"P098823",10,"2016-9-30","2016-11-30","On time delivery","Product1","Rejected","South China",2,"6934.75"
"P099725",10,"2016-8-3","2016-11-3","Late delivery","Product3","Quality Passed","North China",1,"1319.63"
"P101535",10,"2016-7-15","2016-10-15","On time delivery","Product3","Rework","North China",NA,"700.53"
"",20,"2016-8-22","2016-11-22","On time delivery","Product3","Rework","North China",4,"700.53"
"P098065",10,"2016-7-15","2016-10-15","On time delivery","Product2","Rework","East China",1,"22192.97"
"P098065",20,"2016-8-10","2016-11-10","On time delivery","Product1","Quality Passed","South China",1,"25723.04"
"P098823",10,"2016-9-30","2016-11-30","On time delivery","Product1","Rejected","South China",2,"6934.75"
"P099725",10,"2016-8-3","2016-11-3","Late delivery","Product3","Quality Passed","North China",1,"1319.63"
"P101535",10,"2016-7-15","2016-10-15","On time delivery","Product3","Rework","North China",NA,"700.53"
"P109038",10,"2016-12-30","2017-2-28","Late delivery","Product2","Rework","Malaysia",1,"2910.61"
"P109038",20,"2016-12-30","2017-2-28","Late delivery","Product2","Quality Passed","Malaysia",1,"2910.61"
"P109736",10,"2016-12-30","2017-2-28","On time delivery","Product1","Rejected","South China",1,"30718.00"
"P110672",30,"2016-7-15","2016-10-15","On time delivery","Product1","Rejected","South China",280,"19755.19"
"P110672",40,"2016-9-15","2016-12-15","On time delivery","Product1","Quality Passed","South China",280,"19755.19"
"P111812",10,"2016-8-25","2016-10-25","On time delivery","Product1","Quality Passed","South China",1,"17538.97"
"P111812",20,"2016-8-25","2016-10-25","On time delivery","Product1","Rejected","South China",1,"17538.97"
"P112481",10,"2016-9-12","2016-12-12","Late delivery","Product2","Rejected","Malaysia",1,"1140.53"
"P112700",10,"2016-7-30","2016-9-30","On time delivery","Product2","Rejected","Malaysia",2,"44.19"
"P113276",10,"2016-8-22","2016-11-22","Late delivery","Product2","Rejected","Malaysia",1,"38.97"
"P114322",10,"2016-12-15","2017-3-15","Late delivery","Product2","Rejected","Malaysia",1,"200.61"
"P114322",10,"2016-11-22","2017-2-22","Late delivery","Product2","Rejected","Malaysia",1,"200.61"
"P116102",10,"2016-8-30","2016-10-30","On time delivery","Product6","Quality Passed","Malaysia",1,"92.00"
"P117997",10,"2016-8-25","2016-10-25","Late delivery","Product2","Rejected","Malaysia",1500,"4419.19"
"P121154",10,"2016-7-30","2016-9-30","On time delivery","Product3","Quality Passed","North China",1,"327.00 thousand"
"P122051",10,"2016-7-15","2016-10-15","On time delivery","Product6","Quality Passed","Malaysia",NA,"42.76"
"P122441",10,"2016-8-31","2016-10-31","On time delivery","Product5","Rejected","Thailand",1,"348.74"
"P122603",10,"2016-8-31","2016-10-31","On time delivery","Product6","Quality Passed","Malaysia",1,"36.71"
"P122660",10,"2016-8-31","2016-10-31","Late delivery","Product2","Rework","Malaysia",1,"152.59"
"P122837",10,"2016-8-31","2016-10-31","On time delivery","Product4","Rework","Northwest China",1,"399.94"
"P123073",10,"2016-8-31","2016-10-31","On time delivery","Product6","Quality Passed","Malaysia",4,"7.69"
"P123092",10,"2016-10-1","2016-11-30","On time delivery","Product5","Quality Passed","Thailand",7,"104.90"
"P123140",10,"2016-8-31","2016-10-31","On time delivery","Product5","Quality Passed","Thailand",1,"158.30"
"P123314",10,"2016-10-1","2016-11-30","On time delivery","Product6","Quality Passed","Malaysia",1,"7.50"
"P123487",10,"2016-8-15","2016-11-15","On time delivery","Product6","Quality Passed","Malaysia",1,"200.25"
"P123511",10,"2016-12-10","2017-3-10","Late delivery","Product2","Rejected","East China",1,"6984.25"
"P114322",10,"2016-11-22","2017-2-22","Late delivery","Product2","Rejected","Malaysia",1,"200.61"
"P116102",10,"2016-8-30","2016-10-30","On time delivery","Product6","Quality Passed","Malaysia",1,"92.00"
"P117997",10,"2016-8-25","2016-10-25","Late delivery","Product2","Rejected","Malaysia",1500,"4419.19"
"P121154",10,"2016-7-30","2016-9-30","On time delivery","Product3","Quality Passed","North China",1,"32.70"
"P122051",10,"2016-7-15","2016-10-15","On time delivery","Product6","Quality Passed","Malaysia",NA,"42.76"
"P122441",10,"2016-8-31","2016-10-31","","Product5","Rejected","Thailand",1,"348.74"
"P122603",10,"2016-8-31","2016-10-31","On time delivery","Product6","Quality Passed","Malaysia",1,"36.71"
"P122660",10,"2016-8-31","2016-10-31","Late delivery","Product2","Rework","Malaysia",1,"152.59"
"P122837",10,"2016-8-31","2016-10-31","On time delivery","Product4","Rework","Northwest China",1,"399.94"
"P123073",10,"2016-8-31","2016-10-31","On time delivery","Product6","Quality Passed","Malaysia",4,"7.69"
"P123092",10,"2016-10-1","2016-11-30","On time delivery","Product5","Quality Passed","Thailand",7,"104.90"
"P123140",10,"2016-8-31","2016-10-31","On time delivery","Product5","Quality Passed","Thailand",1,"158.30"
"P123314",10,"2016-10-1","2016-11-30","On time delivery","Product6","Quality Passed","Malaysia",1,"7.50"
"P123487",10,"2016-8-15","2016-11-15","On time delivery","Product6","Quality Passed","Malaysia",1,"200.25"
"P123511",10,"2016-12-10","2017-3-10","Late delivery","Product2","Rejected","East China",1,"6984.25"
"P123511",10,"2016-10-8","2017-1-8","Late delivery","Product2","Rejected","East China",1,"6984.25"
"P123639",10,"2016-8-15","2016-11-15","","Product6","Quality Passed","Malaysia",2,"15.51"
"P123703",10,"2016-8-15","2016-11-15","On time delivery","Product6","Quality Passed","Malaysia",5,"7.09"
"P124553",10,"2016-8-24","2016-11-24","On time delivery","Product6","Quality Passed","Malaysia",1,"15.46"
"P124855",10,"2016-12-1","2017-1-31","On time delivery","Product6","Quality Passed","Malaysia",1,"22.59"
"P124940",10,"2016-9-15","2016-12-15","On time delivery","Product5","Quality Passed","Thailand",1,"205.42"
"P125296",10,"2016-9-15","2016-12-15","On time delivery","Product6","Quality Passed","Malaysia",2,"31.24"
"P125385",10,"2016-10-15","2017-1-15","On time delivery","Product6","Quality Passed","Malaysia",1,"44.91"
"P125534",10,"2016-10-15","2017-1-15","On time delivery","Product5","Rework","Thailand",1,"127.29"
"P125535",10,"2016-9-15","2016-12-15","On time delivery","Product5","Rework","Thailand",1,"109.75"
"P126485",10,"2016-10-30","2016-12-30","On time delivery","Product5","Rejected","Thailand",1,"303.29"
"P126486",10,"2016-10-30","2016-12-30","On time delivery","Product5","Quality Passed","Thailand",1,"142.36"
"P126487",10,"2016-10-30","2016-12-30","On time delivery","Product6","Quality Passed","Malaysia",1,"8.45"
"P126788",10,"2016-12-30","2017-2-28","Late delivery","Product1","Rejected","South China",1,"4485.39"
"P127037",10,"2016-10-30","2016-12-30","On time delivery","Product4","Quality Passed","Northwest China",1,"440.01"
"P127069",10,"2016-10-30","2016-12-30","Late delivery","Product2","Rejected","East China",1,"102.66"
"P127202",10,"2016-10-15","2017-1-15","On time delivery","Product5","Quality Passed","Thailand",1,"283.02"
"P128120",10,"2016-12-1","2017-1-31","On time delivery","Product6","Rework","Malaysia",1,"24.98"
"P128238",20,"2016-7-30","2016-9-30","Late delivery","Product2","Rejected","East China",1,"458.29"
"P128387",10,"2016-11-30","2017-1-30","On time delivery","Product5","Quality Passed","Thailand",1,"365.39"
"P128643",10,"2016-12-1","2017-1-31","On time delivery","Product6","Rework","Malaysia",1,"90.84"
"P129172",10,"2016-8-29","2016-10-29","Late delivery","Product2","Rework","East China",2,"13733.72"
"P129639",10,"2016-11-15","2017-2-15","On time delivery","Product6","Quality Passed","Malaysia",1,"18.65"
"P129929",10,"2016-12-30","2017-2-28","On time delivery","Product6","Rework","Malaysia",1,"26.25"
"P129930",10,"2016-12-30","2017-2-28","On time delivery","Product6","Quality Passed","Malaysia",1,"24.43"
"P130559",10,"2016-12-30","2017-2-28","On time delivery","Product6","Quality Passed","Malaysia",1,"13.09"
"P132063",10,"2016-7-30","2016-9-30","On time delivery","Product3","Rejected","North China",2,"153.62"
"P132063",20,"2016-7-30","2016-9-30","On time delivery","Product3","Rejected","North China",2,"155.07"
"P132964",10,"2016-11-16","2017-2-16","Late delivery","Product2","Rejected","East China",1,"3599.76"
"P135728",10,"2016-8-30","2016-10-30","On time delivery","Product3","Quality Passed","North China",4,"62.96"
"P135728",20,"2016-8-30","2016-10-30","On time delivery","Product6","Quality Passed","Malaysia",4,"34.89"
"P135735",10,"2016-11-30","2017-1-30","On time delivery","Product3","Quality Passed","North China",4,"62.96"
"P135735",20,"2016-11-30","2017-1-30","On time delivery","Product6","Quality Passed","Malaysia",4,"34.89"
"P135737",10,"2016-8-30","2016-10-30","On time delivery","Product3","Quality Passed","North China",4,"62.96"
"P135737",20,"2016-8-30","2016-10-30","On time delivery","Product6","Rework","Malaysia",4,"34.89"
"P135951",10,"2016-9-25","2016-11-25","On time delivery","Product1","Quality Passed","Northwest China",1,"90000.46"
"P135951",20,"2016-9-25","2016-11-25","On time delivery","Product1","Quality Passed","South China",1,"92595.22"
"P137613",10,"2016-8-31","2016-10-31","On time delivery","Product3","Quality Passed","North China",1,"75.32"
"P137613",20,"2016-8-31","2016-10-31","On time delivery","Product3","Quality Passed","North China",1,"47.58"
"P138559",10,"2016-8-30","2016-10-30","On time delivery","Product1","Quality Passed","North China",1,"13712.80"
"P144800",10,"2016-8-16","2016-11-16","Late delivery","Product3","Rejected","North China",1,"1367.02"
"P144841",10,"2016-8-24","2016-11-24","On time delivery","Product5","Quality Passed","Thailand",1,"329.98"
"P146012",10,"2016-10-17","2017-1-17","Late delivery","Product2","Rejected","East China",1,"19283.90"
"P146166",10,"2016-7-30","2016-9-30","Late delivery","Product2","Rejected","East China",1,"557.17"
"P150740",10,"2016-7-30","2016-9-30","On time delivery","Product4","Quality Passed","Northwest China",2,"351.52"
"P150740",20,"2016-7-30","2016-9-30","Late delivery","Product4","Quality Passed","Northwest China",2,"371.15"
"P152820",10,"2016-7-30","2016-9-30","On time delivery","Product3","Quality Passed","North China",40,"34.07"
"P152820",20,"2016-7-30","2016-9-30","On time delivery","Product3","Rework","North China",40,"34.07"
"P153464",10,"2016-11-30","2017-1-30","On time delivery","Product6","Quality Passed","Malaysia",1,"683.68"
"P153464",20,"2016-11-30","2017-1-30","On time delivery","Product6","Quality Passed","Malaysia",1,"683.68"
"P155360",10,"2016-11-7","2017-2-7","Late delivery","Product2","Rejected","East China",1,"2978.48"
"P155360",20,"2016-10-1","2016-11-30","Late delivery","Product2","Rejected","East China",1,"0.00"
"P155427",10,"2016-8-12","2016-11-12","Late delivery","Product2","Rejected","East China",1,"154.06"
"P155700",10,"2016-7-30","2016-9-30","On time delivery","Product6","Rework","Malaysia",2,"200.79"
"P158480",10,"2016-7-20","2016-10-20","On time delivery","Product3","Quality Passed","North China",80,"151.98"
"P158480",20,"2016-7-20","2016-10-20","On time delivery","Product3","Quality Passed","North China",96,"77.10"
"P159946",10,"2016-8-15","2016-11-15","Late delivery","Product2","Rework","East China",21,"2219.87"
"P159952",10,"2016-9-30","2016-11-30","Late delivery","Product2","Rejected","East China",21,"357.52"
"P161989",10,"2016-8-15","2016-11-15","Late delivery","Product3","Quality Passed","North China",6,"3034.66"
"P162144",10,"2016-9-12","2016-12-12","Late delivery","Product2","Rejected","East China",1500,"4135.11"
"P163341",10,"2016-8-30","2016-10-30","Late delivery","Product2","Quality Passed","East China",1,"2.22"
"P163341",20,"2016-8-30","2016-10-30","On time delivery","Product6","Rework","Malaysia",1,"1.38"
"P163365",10,"2016-7-20","2016-10-20","On time delivery","Product3","Rejected","North China",2,"21.00"
"P164647",10,"2016-7-15","2016-10-15","On time delivery","Product3","Rework","North China",1,"3488.41"
"P165493",10,"2016-7-30","2016-9-30","On time delivery","Product3","Rework","North China",2,"7.15"
"P165641",10,"2016-8-25","2016-10-25","On time delivery","Product6","Quality Passed","Malaysia",24,"14.85"
"P165641",20,"2016-8-25","2016-10-25","On time delivery","Product6","Rework","Malaysia",24,"14.85"
"P165673",10,"2016-7-30","2016-9-30","On time delivery","Product2","Rework","East China",1,"268.59"
"P165673",20,"2016-7-30","2016-9-30","On time delivery","Product2","Quality Passed","East China",1,"109.76"
"P165692",10,"2016-7-15","2016-10-15","On time delivery","Product6","Quality Passed","Malaysia",6,"548.58"
"P165692",20,"2016-7-15","2016-10-15","On time delivery","Product6","Quality Passed","Malaysia",6,"548.58"
"P166323",10,"2016-7-29","2016-9-29","On time delivery","Product3","Rework","North China",4,"790.73"
"P167201",10,"2016-7-30","2016-9-30","On time delivery","Product6","Rework","Malaysia",1,"11.84"
"P167388",10,"2016-7-30","2016-9-30","Late delivery","Product4","Quality Passed","Northwest China",2,"763.17"
"P167411",10,"2016-7-20","2016-10-20","On time delivery","Product2","Quality Passed","East China",1,"423.36"
"P167411",20,"2016-7-20","2016-10-20","On time delivery","Product2","Rework","East China",1,"423.36"
"P167417",10,"2016-7-20","2016-10-20","On time delivery","Product2","Quality Passed","East China",1,"423.36"
"P167417",20,"2016-7-20","2016-10-20","On time delivery","Product2","Quality Passed","East China",1,"423.36"
"P167981",10,"2016-8-10","2016-11-10","Late delivery","Product2","Quality Passed","East China",1,"545.98"
"P171760",10,"2016-8-29","2016-10-29","On time delivery","Product3","Quality Passed","North China",2,"924.65"
"P171890",10,"2016-8-22","2016-11-22","On time delivery","Product3","Rejected","North China",1,"2628.66"
"P173979",10,"2016-7-20","2016-10-20","On time delivery","Product3","Rejected","North China",2,"94.67"
"P174082",10,"2016-7-30","2016-9-30","On time delivery","Product6","Rework","Malaysia",2,"23.67"
"P174127",10,"2016-7-30","2016-9-30","On time delivery","Product3","Quality Passed","North China",1,"747.37"
"P175427",10,"2016-12-30","2017-2-28","On time delivery","Product2","Rejected","East China",288,"210.62"
"P175427",20,"2016-12-30","2017-2-28","On time delivery","Product2","Rejected","East China",288,"210.62"
"P175433",10,"2016-7-30","2016-9-30","On time delivery","Product3","Quality Passed","North China",1,"1741.40"
"P175447",10,"2016-9-15","2016-12-15","On time delivery","Product2","Quality Passed","East China",1,"460.09"
"P175451",10,"2016-8-15","2016-11-15","Late delivery","Product4","Rework","Northwest China",1,"737.45"
"P175498",10,"2016-8-15","2016-11-15","On time delivery","Product5","Rework","Thailand",1,"191.87"
"P175591",10,"2016-10-1","2016-11-30","On time delivery","Product2","Rejected","East China",2,"26.29"
"P176334",10,"2016-7-15","2016-10-15","On time delivery","Product6","Rework","Malaysia",84,"543.49"
"P176334",20,"2016-7-15","2016-10-15","On time delivery","Product6","Quality Passed","Malaysia",84,"543.49"
"P177109",10,"2016-7-30","2016-9-30","On time delivery","Product5","Quality Passed","Thailand",1,"114.96"
"P177282",10,"2016-7-20","2016-10-20","On time delivery","Product3","Quality Passed","North China",1,"236.16"
"P178157",10,"2016-7-30","2016-9-30","On time delivery","Product2","Rejected","East China",1,"749.84"
"P178157",20,"2016-7-30","2016-9-30","On time delivery","Product2","Rework","East China",1,"749.84"
"P178212",10,"2016-7-30","2016-9-30","On time delivery","Product5","Quality Passed","Thailand",1,"85.60"
"P178212",20,"2016-7-30","2016-9-30","On time delivery","Product5","Quality Passed","Thailand",1,"85.60"
"P178341",10,"2016-8-31","2016-10-31","On time delivery","Product3","Quality Passed","North China",1,"3285.04"
"P178343",10,"2016-8-12","2016-11-12","On time delivery","Product1","Quality Passed","North China",1,"10446.44"
"P178381",10,"2016-7-15","2016-10-15","On time delivery","Product6","Rework","Malaysia",1,"42.64"
"P178437",10,"2016-7-12","2016-10-12","Late delivery","Product2","Rework","East China",1,"6832.89"
"P180516",10,"2016-7-20","2016-10-20","On time delivery","Product2","Rejected","East China",2,"1.38"
"P181098",10,"2016-7-30","2016-9-30","On time delivery","Product2","Rejected","East China",2,"2.77"
"P181098",20,"2016-7-30","2016-9-30","On time delivery","Product2","Rejected","East China",2,"2.77"
"P181184",10,"2016-8-30","2016-10-30","On time delivery","Product6","Quality Passed","Malaysia",28,"9.17"
"P181184",20,"2016-8-30","2016-10-30","On time delivery","Product6","Quality Passed","Malaysia",28,"9.17"
"P181233",10,"2016-7-30","2016-9-30","On time delivery","Product2","Rejected","East China",1,"287.49"
"P181846",10,"2016-10-1","2016-11-30","On time delivery","Product1","Rework","North China",1,"6769.22"
"P181907",10,"2016-7-30","2016-9-30","On time delivery","Product6","Rework","Malaysia",1,"36.67"
"P181953",10,"2016-7-30","2016-9-30","On time delivery","Product5","Rejected","Thailand",60,"124.11"
"P181988",10,"2016-7-30","2016-9-30","On time delivery","Product3","Quality Passed","North China",12,"59.72"
"P181988",20,"2016-7-30","2016-9-30","On time delivery","Product3","Quality Passed","North China",2,"5.24"
"P182017",10,"2016-7-15","2016-10-15","On time delivery","Product4","Rework","Northwest China",1,"759.55"
"P182776",10,"2016-7-30","2016-9-30","On time delivery","Product3","Quality Passed","North China",1,"65.39"
"P182781",10,"2016-7-30","2016-9-30","On time delivery","Product5","Quality Passed","Thailand",8,"77.12"
"P182781",20,"2016-7-30","2016-9-30","On time delivery","Product5","Rework","Thailand",1,"23.54"
"P182817",10,"2016-7-30","2016-9-30","On time delivery","Product4","Rework","Northwest China",4,"501.85"
"P182850",10,"2016-10-1","2016-11-30","On time delivery","Product2","Rejected","East China",6,"114.80"
"P182916",10,"2016-7-30","2016-9-30","On time delivery","Product5","Quality Passed","Thailand",1,"392.14"
"P183648",10,"2016-11-30","2017-1-30","On time delivery","Product2","Rejected","East China",2,"1.57"
"P183648",20,"2016-11-30","2017-1-30","On time delivery","Product2","Rework","East China",2,"104.42"
"P183742",20,"2016-7-15","2016-10-15","On time delivery","Product2","Rework","East China",1,"3818.00"
"P183790",10,"2016-7-30","2016-9-30","On time delivery","Product5","Quality Passed","Thailand",1,"46.82"
"P183790",20,"2016-7-30","2016-9-30","On time delivery","Product5","Quality Passed","Thailand",3,"63.41"
"P183956",10,"2016-8-15","2016-11-15","On time delivery","Product6","Quality Passed","Malaysia",1,"1141.36"
"P184524",10,"2016-7-15","2016-10-15","On time delivery","Product2","Rework","East China",1,"87.03"
"P184529",10,"2016-8-15","2016-11-15","On time delivery","Product5","Rejected","Thailand",108,"140.21"
"P184529",20,"2016-8-15","2016-11-15","On time delivery","Product5","Rework","Thailand",108,"140.21"
"P184532",10,"2016-8-15","2016-11-15","On time delivery","Product2","Rework","East China",24,"311.57"
"P184532",20,"2016-8-15","2016-11-15","On time delivery","Product2","Rejected","East China",24,"311.57"
"P184547",10,"2016-7-5","2016-10-5","On time delivery","Product3","Rework","North China",1260,"342.93"
"P184577",10,"2016-7-30","2016-9-30","On time delivery","Product6","Rework","Malaysia",6,"397.15"
"P184577",20,"2016-7-30","2016-9-30","On time delivery","Product6","Quality Passed","Malaysia",6,"935.67"
"P185334",10,"2016-7-30","2016-9-30","On time delivery","Product6","Quality Passed","Malaysia",1,"30.17"
"P185338",10,"2016-7-30","2016-9-30","On time delivery","Product6","Quality Passed","Malaysia",10,"63.14"
"P185347",10,"2016-7-30","2016-9-30","On time delivery","Product5","Quality Passed","Thailand",10,"96.54"
"P185372",10,"2016-7-30","2016-9-30","On time delivery","Product5","Quality Passed","Thailand",5,"339.82"
"P186240",10,"2016-12-30","2017-2-28","On time delivery","Product2","Rejected","East China",2,"1438.86"
"P186240",20,"2016-12-30","2017-2-28","On time delivery","Product2","Rejected","East China",2,"1791.67"
"P186293",10,"2016-7-30","2016-9-30","On time delivery","Product6","Quality Passed","Malaysia",1,"29.98"
"P186308",10,"2016-9-9","2016-12-9","On time delivery","Product3","Quality Passed","North China",400,"282.88"
"P186432",10,"2016-9-6","2016-12-6","Late delivery","Product2","Rejected","East China",1,"23715.31"
"P186463",10,"2016-7-27","2016-9-27","On time delivery","Product3","Rework","North China",100,"94.02"
"P186522",10,"2016-8-30","2016-10-30","On time delivery","Product2","Rework","East China",268,"20.44"
"P186522",20,"2016-8-30","2016-10-30","On time delivery","Product2","Rejected","East China",268,"20.44"
"P187216",10,"2016-7-15","2016-10-15","On time delivery","Product2","Rejected","East China",80,"142.65"
"P187230",10,"2016-10-30","2016-12-30","On time delivery","Product2","Quality Passed","East China",2,"1374.73"
"P187241",10,"2016-7-30","2016-9-30","On time delivery","Product1","Quality Passed","North China",1,"3528.65"
"P187332",10,"2016-10-1","2016-11-30","On time delivery","Product5","Rejected","Thailand",1,"396.24"
"P187346",10,"2016-7-9","2016-10-9","On time delivery","Product2","Rework","East China",2,"2.75"
"P187379",10,"2016-7-25","2016-9-25","On time delivery","Product3","Quality Passed","North China",12,"9.14"
"P187396",10,"2016-12-30","2017-2-28","On time delivery","Product3","Quality Passed","North China",4,"27.43"
"P187396",20,"2016-12-30","2017-2-28","On time delivery","Product3","Rework","North China",2,"128.93"
"P188071",10,"2016-7-30","2016-9-30","On time delivery","Product3","Rejected","North China",5,"45.62"
"P188074",10,"2016-7-10","2016-10-10","On time delivery","Product2","Quality Passed","East China",2,"320.23"
"P188074",20,"2016-7-10","2016-10-10","On time delivery","Product2","Quality Passed","East China",2,"320.23"
"P188157",10,"2016-7-30","2016-9-30","On time delivery","Product6","Quality Passed","Malaysia",1,"84.72"
"P188200",10,"2016-7-30","2016-9-30","On time delivery","Product3","Rework","North China",1,"2517.52"
"P188745",10,"2016-7-15","2016-10-15","On time delivery","Product2","Quality Passed","East China",16,"3059.70"
"P188753",10,"2016-7-30","2016-9-30","On time delivery","Product6","Quality Passed","Malaysia",1,"31.95"
"P188755",10,"2016-8-15","2016-11-15","On time delivery","Product2","Quality Passed","East China",1,"717.77"
"P188799",10,"2016-9-30","2016-11-30","On time delivery","Product3","Quality Passed","North China",168,"110.09"
"P188799",20,"2016-9-30","2016-11-30","On time delivery","Product3","Quality Passed","North China",18,"16.46"
"P189459",10,"2016-9-9","2016-12-9","On time delivery","Product3","Quality Passed","North China",8,"9.12"
"P189459",20,"2016-9-9","2016-12-9","On time delivery","Product3","Quality Passed","North China",8,"9.12"
"P189594",10,"2016-7-25","2016-9-25","On time delivery","Product2","Rejected","East China",1,"363.62"
"P189689",10,"2016-7-30","2016-9-30","On time delivery","Product2","Rework","East China",1,"97.47"
"P190212",10,"2016-7-11","2016-10-11","On time delivery","Product5","Rework","Thailand",2,"108.56"
"P190354",10,"2016-8-31","2016-10-31","On time delivery","Product6","Quality Passed","Malaysia",50,"5.46"
"P190354",20,"2016-8-31","2016-10-31","On time delivery","Product6","Quality Passed","Malaysia",50,"38.85"
"P190421",10,"2016-7-30","2016-9-30","On time delivery","Product6","Quality Passed","Malaysia",10,"29.24"
"P191037",20,"2016-8-30","2016-10-30","On time delivery","Product5","Quality Passed","Thailand",1,"150.70"
"P191042",10,"2016-8-29","2016-10-29","On time delivery","Product2","Quality Passed","East China",1,"554.59"
"P191043",10,"2016-8-29","2016-10-29","On time delivery","Product2","Rework","East China",1,"554.59"
"P191053",10,"2016-7-30","2016-9-30","On time delivery","Product6","Quality Passed","Malaysia",30,"45.61"
"P191078",10,"2016-7-30","2016-9-30","On time delivery","Product6","Quality Passed","Malaysia",1,"45.61"
"P191107",10,"2016-7-15","2016-10-15","On time delivery","Product6","Quality Passed","Malaysia",1,"58.68"
"P191298",10,"2016-7-30","2016-9-30","On time delivery","Product3","Quality Passed","North China",1,"121.62"
"P191298",20,"2016-7-30","2016-9-30","On time delivery","Product3","Quality Passed","North China",1,"144.43"
"P191330",10,"2016-8-15","2016-11-15","On time delivery","Product3","Quality Passed","North China",1,"255.41"
"P192017",10,"2016-7-30","2016-9-30","On time delivery","Product6","Quality Passed","Malaysia",1,"69.61"
"P192142",10,"2016-7-16","2016-10-16","On time delivery","Product6","Quality Passed","Malaysia",2,"1428.40"
"P192142",20,"2016-7-16","2016-10-16","On time delivery","Product6","Quality Passed","Malaysia",1,"753.16"
"P192191",10,"2016-7-30","2016-9-30","On time delivery","Product5","Quality Passed","Thailand",50,"76.22"
"P192191",20,"2016-7-30","2016-9-30","On time delivery","Product5","Quality Passed","Thailand",5,"78.89"
"P192214",10,"2016-7-30","2016-9-30","On time delivery","Product5","Rework","Thailand",20,"109.08"
"P192464",10,"2016-7-30","2016-9-30","On time delivery","Product2","Quality Passed","East China",1,"2508.67"
"P192809",10,"2016-7-30","2016-9-30","On time delivery","Product6","Quality Passed","Malaysia",20,"66.96"
"P192809",20,"2016-7-30","2016-9-30","On time delivery","Product6","Quality Passed","Malaysia",2,"6.70"
"P192854",10,"2016-7-30","2016-9-30","On time delivery","Product3","Rejected","North China",2,"73.62"
"P192857",10,"2016-7-15","2016-10-15","On time delivery","Product6","Quality Passed","Malaysia",5,"17.90"
"P192857",20,"2016-7-15","2016-10-15","On time delivery","Product6","Quality Passed","Malaysia",5,"31.32"
"P192879",10,"2016-8-25","2016-10-25","Late delivery","Product4","Rework","Northwest China",1,"485.46"
"P192954",30,"2016-7-30","2016-9-30","On time delivery","Product2","Quality Passed","East China",4,"222.15"
"P193041",10,"2016-9-10","2016-12-10","On time delivery","Product2","Quality Passed","East China",268,"191.31"
"P193041",20,"2016-9-10","2016-12-10","On time delivery","Product2","Quality Passed","East China",268,"191.31"
"P193600",10,"2016-7-20","2016-10-20","Late delivery","Product2","Rejected","East China",1,"70.73"
"P193601",10,"2016-8-25","2016-10-25","On time delivery","Product2","Quality Passed","East China",1,"1635.62"
"P193601",20,"2016-8-25","2016-10-25","On time delivery","Product2","Quality Passed","East China",5,"73.03"
"P193603",10,"2016-8-20","2016-11-20","On time delivery","Product2","Quality Passed","East China",4,"78.72"
"P193603",20,"2016-8-20","2016-11-20","On time delivery","Product2","Quality Passed","East China",4,"78.72"
"P193605",10,"2016-8-15","2016-11-15","On time delivery","Product2","Quality Passed","East China",4,"78.72"
"P193605",20,"2016-8-15","2016-11-15","On time delivery","Product2","Quality Passed","East China",4,"78.72"
"P193621",10,"2016-7-30","2016-9-30","On time delivery","Product5","Quality Passed","Thailand",500,"378.75"
"P193623",10,"2016-7-30","2016-9-30","On time delivery","Product6","Quality Passed","Malaysia",7,"56.88"
"P193626",10,"2016-7-30","2016-9-30","Late delivery","Product4","Rework","Northwest China",350,"473.80"
"P193626",20,"2016-7-30","2016-9-30","Late delivery","Product4","Rework","Northwest China",40,"7.29"
"P193655",10,"2016-7-30","2016-9-30","On time delivery","Product6","Quality Passed","Malaysia",294,"732.98"
"P193655",20,"2016-7-30","2016-9-30","On time delivery","Product6","Quality Passed","Malaysia",276,"514.51"
"P193657",10,"2016-7-30","2016-9-30","On time delivery","Product2","Rejected","East China",5,"20.83"
"P193657",20,"2016-7-30","2016-9-30","On time delivery","Product2","Rejected","East China",30,"50.76"
"P193678",10,"2016-8-20","2016-11-20","On time delivery","Product2","Quality Passed","East China",4,"19.80"
"P193678",20,"2016-8-20","2016-11-20","On time delivery","Product2","Quality Passed","East China",4,"19.80"
"P193716",10,"2016-10-30","2016-12-30","On time delivery","Product2","Quality Passed","East China",1,"693.39"
"P193749",10,"2016-7-30","2016-9-30","On time delivery","Product5","Quality Passed","Thailand",1,"141.63"
"P193787",10,"2016-7-30","2016-9-30","On time delivery","Product6","Quality Passed","Malaysia",1,"35.03"
"P193787",20,"2016-7-30","2016-9-30","On time delivery","Product6","Quality Passed","Malaysia",1,"35.03"
"P193848",10,"2016-8-6","2016-11-6","On time delivery","Product1","Rework","North China",704,"2846.73"
"P193848",20,"2016-8-6","2016-11-6","On time delivery","Product1","Rework","North China",704,"2654.18"
"P193866",10,"2016-11-15","2017-2-15","On time delivery","Product6","Quality Passed","Malaysia",200,"697.82"
"P193866",20,"2016-11-15","2017-2-15","On time delivery","Product6","Quality Passed","Malaysia",110,"326.14"
"P193877",10,"2016-9-15","2016-12-15","On time delivery","Product1","Rework","North China",704,"2846.73"
"P193877",20,"2016-9-15","2016-12-15","On time delivery","Product1","Rework","North China",704,"2654.18"
"P194443",30,"2016-10-10","2017-1-10","On time delivery","Product1","Rework","North China",1,"13014.26"
"P194443",70,"2016-10-10","2017-1-10","On time delivery","Product1","Rework","North China",1,"10546.64"
"P194452",10,"2016-7-29","2016-9-29","On time delivery","Product6","Quality Passed","Malaysia",2,"61.90"
"P194453",10,"2016-7-15","2016-10-15","On time delivery","Product6","Quality Passed","Malaysia",5,"90.48"
"P194577",10,"2016-9-15","2016-12-15","On time delivery","Product2","Quality Passed","East China",2,"121.73"
"P194579",10,"2016-8-15","2016-11-15","On time delivery","Product2","Quality Passed","East China",2,"121.73"
"P194590",10,"2016-7-30","2016-9-30","On time delivery","Product6","Quality Passed","Malaysia",500,"46.33"
"P194657",10,"2016-7-29","2016-9-29","On time delivery","Product6","Quality Passed","Malaysia",2,"1.82"
"P194689",10,"2016-7-30","2016-9-30","On time delivery","Product2","Quality Passed","East China",1,"289.10"
"P194756",20,"2016-8-15","2016-11-15","On time delivery","Product2","Rework","East China",15,"97.54"
"P194756",30,"2016-8-15","2016-11-15","On time delivery","Product2","Rework","East China",2,"4.38"
"P194764",10,"2016-7-15","2016-10-15","On time delivery","Product3","Quality Passed","North China",1,"408.53"
"P195344",10,"2016-7-15","2016-10-15","Late delivery","Product4","Rework","Northwest China",12,"658.68"
"P195347",10,"2016-7-1","2016-10-1","On time delivery","Product2","Quality Passed","East China",2,"5.18"
"P195347",20,"2016-7-1","2016-10-1","On time delivery","Product2","Quality Passed","East China",2,"5.63"
"P195354",10,"2016-7-15","2016-10-15","On time delivery","Product6","Quality Passed","Malaysia",2,"24.73"
"P195356",10,"2016-7-30","2016-9-30","On time delivery","Product5","Rework","Thailand",4,"51.70"
"P195356",20,"2016-7-30","2016-9-30","On time delivery","Product5","Rework","Thailand",4,"51.70"
"P195359",10,"2016-12-15","2017-3-15","On time delivery","Product1","Rework","North China",1,"16758.17"
"P195359",10,"2016-11-22","2017-2-22","Late delivery","Product1","Rework","North China",1,"16758.17"
"P195471",10,"2016-7-30","2016-9-30","On time delivery","Product3","Quality Passed","North China",1,"7.80"
"P195517",10,"2016-7-30","2016-9-30","On time delivery","Product2","Rejected","East China",12,"54.81"
"P195517",20,"2016-7-30","2016-9-30","On time delivery","Product2","Rejected","East China",1,"15.99"
"P195537",10,"2016-8-10","2016-11-10","On time delivery","Product6","Quality Passed","Malaysia",1,"1009.93"
"P197569",10,"2016-7-15","2016-10-15","On time delivery","Product3","Quality Passed","North China",1,"38.73"
"P197573",10,"2016-9-9","2016-12-9","On time delivery","Product2","Rework","East China",200,"36.89"
"P197573",20,"2016-9-9","2016-12-9","On time delivery","Product2","Rework","East China",200,"73.05"
"P197578",10,"2016-7-30","2016-9-30","On time delivery","Product6","Quality Passed","Malaysia",2,"10.55"
"P197578",20,"2016-7-30","2016-9-30","On time delivery","Product6","Quality Passed","Malaysia",1,"8.47"
"P197591",40,"2016-7-7","2016-10-7","On time delivery","Product2","Quality Passed","East China",1,"9.90"
"P197591",50,"2016-7-7","2016-10-7","On time delivery","Product2","Quality Passed","East China",10,"44.30"
"P197594",10,"2016-7-30","2016-9-30","On time delivery","Product2","Quality Passed","East China",60,"45.34"
"P197642",10,"2016-11-10","2017-2-10","On time delivery","Product2","Quality Passed","East China",2,"570.76"
"P197642",20,"2016-10-9","2017-1-9","On time delivery","Product2","Quality Passed","East China",2,"570.76"
"P197650",10,"2016-8-30","2016-10-30","On time delivery","Product2","Quality Passed","East China",268,"20.35"
"P197650",20,"2016-8-30","2016-10-30","On time delivery","Product2","Quality Passed","East China",268,"20.35"
"P197654",10,"2016-7-30","2016-9-30","On time delivery","Product3","Rejected","North China",1,"73.52"
"P197656",10,"2016-7-30","2016-9-30","On time delivery","Product3","Quality Passed","North China",1,"235.17"
"P197683",10,"2016-7-30","2016-9-30","On time delivery","Product3","Rejected","North China",1,"75.92"
"P197684",10,"2016-9-15","2016-12-15","On time delivery","Product2","Quality Passed","East China",1,"512.46"
"P197684",20,"2016-9-15","2016-12-15","On time delivery","Product2","Quality Passed","East China",1,"512.46"
"P197694",10,"2016-9-20","2016-12-20","On time delivery","Product2","Rejected","East China",4,"59.83"
"P197834",10,"2016-11-14","2017-2-14","On time delivery","Product1","Rework","North China",1,"3921.26"
"P198593",10,"2016-10-30","2016-12-30","On time delivery","Product2","Rework","East China",8600,"3012.88"
"P198593",20,"2016-10-30","2016-12-30","On time delivery","Product2","Rework","East China",4400,"1541.47"
"P198615",10,"2016-7-19","2016-10-19","On time delivery","Product3","Quality Passed","North China",300,"280.50"
"P198692",10,"2016-10-26","2016-12-26","On time delivery","Product5","Quality Passed","Thailand",1,"226.84"
"P198931",10,"2016-9-30","2016-11-30","On time delivery","Product3","Quality Passed","North China",1,"1491.15"
"P198931",20,"2016-9-30","2016-11-30","On time delivery","Product3","Quality Passed","North China",1,"1491.15"
"P199483",10,"2016-8-30","2016-10-30","On time delivery","Product3","Quality Passed","North China",3,"31.17"
"P199534",10,"2016-11-15","2017-2-15","On time delivery","Product2","Quality Passed","East China",2,"1489.11"
"P199534",20,"2016-11-15","2017-2-15","On time delivery","Product2","Quality Passed","East China",2,"1489.11"
"P199591",10,"2016-8-20","2016-11-20","On time delivery","Product3","Quality Passed","North China",6,"3.92"
"P199660",10,"2016-8-31","2016-10-31","On time delivery","Product5","Quality Passed","Thailand",1,"296.30"
"P199757",10,"2016-7-15","2016-10-15","On time delivery","Product2","Quality Passed","East China",1,"38.33"
"P200357",10,"2016-8-15","2016-11-15","Late delivery","Product4","Rework","Northwest China",20,"592.18"
"P200365",10,"2016-7-15","2016-10-15","On time delivery","Product6","Quality Passed","Malaysia",1,"7.27"
"P200365",20,"2016-7-15","2016-10-15","On time delivery","Product6","Quality Passed","Malaysia",20,"66.96"
"P200397",10,"2016-7-15","2016-10-15","On time delivery","Product5","Quality Passed","Thailand",4,"129.78"
"P200404",10,"2016-7-15","2016-10-15","On time delivery","Product6","Quality Passed","Malaysia",5,"71.38"
"P200407",50,"2016-8-31","2016-10-31","On time delivery","Product6","Quality Passed","Malaysia",7,"1.82"
"P200407",60,"2016-8-31","2016-10-31","On time delivery","Product6","Quality Passed","Malaysia",7,"8.05"
"P200634",10,"2016-7-30","2016-9-30","On time delivery","Product5","Quality Passed","Thailand",34,"100.72"
"P200634",20,"2016-7-30","2016-9-30","On time delivery","Product5","Quality Passed","Thailand",16,"87.46"
"P200704",10,"2016-7-25","2016-9-25","On time delivery","Product2","Rework","East China",1,"3114.67"
"P200704",20,"2016-7-25","2016-9-25","On time delivery","Product2","Rework","East China",1,"648.89"
"P201337",10,"2016-7-30","2016-9-30","On time delivery","Product2","Quality Passed","East China",1,"246.40"
"P201354",10,"2016-7-30","2016-9-30","On time delivery","Product2","Quality Passed","East China",1,"596.55"
"P201413",10,"2016-7-30","2016-9-30","On time delivery","Product2","Rejected","East China",150,"64.21"
"P201413",20,"2016-7-30","2016-9-30","On time delivery","Product2","Rejected","East China",20,"21.79"
"P201855",10,"2016-8-30","2016-10-30","On time delivery","Product5","Quality Passed","Thailand",1,"125.18"
"P202374",10,"2016-8-31","2016-10-31","On time delivery","Product6","Quality Passed","Malaysia",1,"7.39"
"P202430",10,"2016-8-30","2016-10-30","On time delivery","Product5","Quality Passed","Thailand",1,"204.86"
"P203009",10,"2016-10-20","2017-1-20","On time delivery","Product3","Quality Passed","North China",1,"683.73"
"P203009",20,"2016-10-20","2017-1-20","On time delivery","Product3","Quality Passed","North China",1,"683.73"
"P203021",20,"2016-11-9","2017-2-9","On time delivery","Product2","Quality Passed","East China",1,"922.07"
"P203021",40,"2016-11-9","2017-2-9","On time delivery","Product2","Quality Passed","East China",1,"655.81"
"P203031",10,"2016-8-15","2016-11-15","On time delivery","Product6","Quality Passed","Malaysia",1,"51.95"
"P203034",10,"2016-7-15","2016-10-15","Late delivery","Product4","Rework","Northwest China",1,"474.00"
"P203037",10,"2016-10-30","2016-12-30","On time delivery","Product3","Quality Passed","North China",1,"439.07"
"P203037",20,"2016-10-30","2016-12-30","On time delivery","Product3","Quality Passed","North China",1,"439.07"
"P203052",10,"2016-7-15","2016-10-15","On time delivery","Product6","Quality Passed","Malaysia",1,"29.87"
"P203058",10,"2016-7-30","2016-9-30","On time delivery","Product2","Quality Passed","East China",1,"20.52"
"P203180",10,"2016-10-1","2016-11-30","On time delivery","Product2","Rejected","East China",4,"32.54"
"P203180",20,"2016-10-1","2016-11-30","On time delivery","Product2","Rejected","East China",4,"32.54"
"P203189",10,"2016-7-15","2016-10-15","On time delivery","Product2","Rejected","East China",3,"58.44"
"P203379",10,"2016-12-30","2017-2-28","On time delivery","Product2","Quality Passed","East China",6,"680.71"
"P203379",20,"2016-12-30","2017-2-28","On time delivery","Product2","Quality Passed","East China",6,"680.71"
"P203918",10,"2016-9-15","2016-12-15","On time delivery","Product5","Rework","Thailand",1,"91.97"
"P203918",20,"2016-9-9","2016-12-9","On time delivery","Product5","Rework","Thailand",1,"12.16"
"P203964",10,"2016-8-25","2016-10-25","On time delivery","Product3","Quality Passed","North China",2,"280.64"
"P203964",20,"2016-8-25","2016-10-25","On time delivery","Product3","Quality Passed","North China",4,"710.86"
"P203993",10,"2016-7-30","2016-9-30","On time delivery","Product3","Quality Passed","North China",1,"6.24"
"P204153",10,"2016-7-30","2016-9-30","On time delivery","Product3","Quality Passed","North China",1,"18.06"
"P204690",10,"2016-9-30","2016-11-30","On time delivery","Product5","Quality Passed","Thailand",1,"197.28"
"P204690",20,"2016-9-30","2016-11-30","On time delivery","Product5","Quality Passed","Thailand",1,"197.28"
"P204697",10,"2016-7-15","2016-10-15","On time delivery","Product2","Rejected","East China",1,"75.61"
"P204855",10,"2016-7-30","2016-9-30","On time delivery","Product6","Quality Passed","Malaysia",1,"44.17"
"P204891",10,"2016-7-30","2016-9-30","On time delivery","Product2","Quality Passed","East China",1,"121.43"
"P204932",10,"2016-7-30","2016-9-30","On time delivery","Product6","Quality Passed","Malaysia",1,"88.45"
"P205318",100,"2016-7-15","2016-10-15","On time delivery","Product5","Quality Passed","Thailand",1,"203.06"
"P205385",10,"2016-7-15","2016-10-15","On time delivery","Product6","Quality Passed","Malaysia",1,"1322.31"
"P205385",20,"2016-7-15","2016-10-15","On time delivery","Product6","Quality Passed","Malaysia",1,"121.59"
"P205510",10,"2016-9-15","2016-12-15","On time delivery","Product3","Quality Passed","North China",56,"177.54"
"P205550",10,"2016-7-15","2016-10-15","On time delivery","Product3","Quality Passed","North China",20,"38.71"
"P205550",20,"2016-7-15","2016-10-15","On time delivery","Product3","Quality Passed","North China",2,"6.45"
"P205554",30,"2016-8-25","2016-10-25","On time delivery","Product3","Quality Passed","North China",1,"45.16"
"P205661",10,"2016-8-25","2016-10-25","On time delivery","Product3","Quality Passed","North China",1,"1126.30"
"P206306",10,"2016-8-30","2016-10-30","On time delivery","Product5","Quality Passed","Thailand",4,"149.14"
"P206310",10,"2016-8-31","2016-10-31","On time delivery","Product6","Quality Passed","Malaysia",1,"48.86"
"P206328",10,"2016-8-31","2016-10-31","On time delivery","Product6","Quality Passed","Malaysia",2,"33.43"
"P206342",10,"2016-9-15","2016-12-15","On time delivery","Product2","Quality Passed","East China",1,"36.94"
"P206382",10,"2016-8-31","2016-10-31","On time delivery","Product6","Quality Passed","Malaysia",2,"18.05"
"P206382",20,"2016-8-31","2016-10-31","On time delivery","Product6","Quality Passed","Malaysia",50,"76.40"
"P206408",10,"2016-8-31","2016-10-31","On time delivery","Product6","Quality Passed","Malaysia",3,"61.00"
"P206458",10,"2016-7-15","2016-10-15","On time delivery","Product6","Quality Passed","Malaysia",10,"3.01"
"P206458",20,"2016-7-15","2016-10-15","On time delivery","Product6","Quality Passed","Malaysia",10,"3.01"
"P206613",10,"2016-7-4","2016-10-4","On time delivery","Product2","Quality Passed","East China",1,"65.74"
"P206613",20,"2016-7-4","2016-10-4","On time delivery","Product2","Quality Passed","East China",1,"156.06"
"P207215",10,"2016-7-20","2016-10-20","On time delivery","Product2","Rejected","East China",1,"0.78"
"P207215",20,"2016-7-20","2016-10-20","On time delivery","Product2","Rejected","East China",1,"1.28"
"P207476",10,"2016-8-31","2016-10-31","On time delivery","Product3","Quality Passed","North China",1,"1557.05"
"P207490",10,"2016-7-15","2016-10-15","On time delivery","Product3","Quality Passed","North China",1,"170.42"
"P207501",10,"2016-7-15","2016-10-15","On time delivery","Product3","Rework","North China",1,"111.69"
"P207550",10,"2016-7-22","2016-10-22","On time delivery","Product2","Quality Passed","East China",10,"385.74"
"P207772",10,"2016-8-30","2016-10-30","On time delivery","Product6","Quality Passed","Malaysia",16,"1211.04"
"P207780",10,"2016-8-30","2016-10-30","On time delivery","Product6","Quality Passed","Malaysia",9,"37.61"
"P208171",10,"2016-7-15","2016-10-15","On time delivery","Product6","Quality Passed","Malaysia",1,"3.09"
"P208171",20,"2016-7-15","2016-10-15","On time delivery","Product6","Quality Passed","Malaysia",1,"5.79"
"P208198",10,"2016-7-15","2016-10-15","On time delivery","Product3","Quality Passed","North China",1,"45.16"
"P208368",10,"2016-7-11","2016-10-11","On time delivery","Product3","Quality Passed","North China",15,"134.50"
"P208443",10,"2016-8-31","2016-10-31","On time delivery","Product6","Quality Passed","Malaysia",2,"63.00"
"P208470",10,"2016-8-30","2016-10-30","On time delivery","Product5","Rework","Thailand",1,"102.92"
"P208503",10,"2016-9-30","2016-11-30","On time delivery","Product3","Quality Passed","North China",1,"832.38"
"P208503",20,"2016-9-30","2016-11-30","On time delivery","Product3","Quality Passed","North China",1,"832.38"
"P209015",10,"2016-7-15","2016-10-15","On time delivery","Product3","Rework","North China",1,"75.27"
"P209015",20,"2016-7-15","2016-10-15","On time delivery","Product3","Rework","North China",1,"38.88"
"P209060",10,"2016-7-15","2016-10-15","On time delivery","Product6","Quality Passed","Malaysia",200,"30.89"
"P209099",10,"2016-11-10","2017-2-10","On time delivery","Product2","Rework","East China",1,"3208.48"
"P209099",20,"2016-11-10","2017-2-10","On time delivery","Product2","Rework","East China",1,"2797.70"
"P209100",10,"2016-10-30","2016-12-30","On time delivery","Product2","Quality Passed","East China",1,"435.03"
"P209100",20,"2016-10-30","2016-12-30","On time delivery","Product2","Quality Passed","East China",1,"2797.70"
"P209104",10,"2016-7-14","2016-10-14","On time delivery","Product3","Quality Passed","North China",16.5,"44.56"
"P209210",10,"2016-10-30","2016-12-30","On time delivery","Product6","Quality Passed","Malaysia",1,"978.45"
"P209210",20,"2016-10-30","2016-12-30","On time delivery","Product6","Quality Passed","Malaysia",1,"978.45"
"P209277",10,"2016-10-1","2016-11-30","Late delivery","Product4","Rework","Northwest China",1,"234.83"
"P209277",20,"2016-10-1","2016-11-30","Late delivery","Product4","Rework","Northwest China",1,"234.83"
"P209299",10,"2016-7-15","2016-10-15","On time delivery","Product6","Quality Passed","Malaysia",1,"27.10"
"P209301",10,"2016-8-31","2016-10-31","On time delivery","Product5","Quality Passed","Thailand",15,"144.84"
"P209322",10,"2016-10-1","2016-11-30","On time delivery","Product5","Quality Passed","Thailand",1,"98.02"
"P209322",20,"2016-10-1","2016-11-30","On time delivery","Product5","Quality Passed","Thailand",1,"98.02"
"P209922",10,"2016-7-20","2016-10-20","On time delivery","Product2","Quality Passed","East China",1,"256.84"
"P209926",10,"2016-10-12","2017-1-12","On time delivery","Product6","Quality Passed","Malaysia",920,"699.81"
"P209926",20,"2016-10-12","2017-1-12","On time delivery","Product6","Quality Passed","Malaysia",920,"685.34"
"P209971",10,"2016-8-7","2016-11-7","On time delivery","Product3","Quality Passed","North China",2,"43.66"
"P210191",10,"2016-8-31","2016-10-31","On time delivery","Product2","Quality Passed","East China",1,"233.86"
"P210746",10,"2016-7-15","2016-10-15","On time delivery","Product2","Rejected","East China",5,"76.95"
"P210782",10,"2016-8-15","2016-11-15","On time delivery","Product6","Quality Passed","Malaysia",200,"47.72"
"P210793",10,"2016-11-15","2017-2-15","On time delivery","Product2","Quality Passed","East China",4,"1119.84"
"P210795",10,"2016-8-31","2016-10-31","On time delivery","Product5","Quality Passed","Thailand",4,"128.25"
"P210854",10,"2016-8-31","2016-10-31","Late delivery","Product4","Rework","Northwest China",2,"404.51"
"P210854",20,"2016-8-31","2016-10-31","Late delivery","Product4","Rework","Northwest China",2,"404.51"
"P210856",10,"2016-8-31","2016-10-31","On time delivery","Product5","Quality Passed","Thailand",1,"67.97"
"P210856",20,"2016-8-31","2016-10-31","On time delivery","Product5","Quality Passed","Thailand",1,"67.97"
"P210870",10,"2016-8-31","2016-10-31","On time delivery","Product5","Quality Passed","Thailand",500,"222.22"
"P210882",10,"2016-8-31","2016-10-31","Late delivery","Product4","Rework","Northwest China",400,"533.52"
"P210882",20,"2016-8-31","2016-10-31","Late delivery","Product4","Rework","Northwest China",100,"17.95"
"P210915",10,"2016-8-31","2016-10-31","On time delivery","Product6","Quality Passed","Malaysia",20,"61.56"
"P210922",10,"2016-7-11","2016-10-11","On time delivery","Product6","Quality Passed","Malaysia",1,"12.45"
"P210959",10,"2016-7-15","2016-10-15","On time delivery","Product6","Quality Passed","Malaysia",7,"90.03"
"P210993",10,"2016-8-31","2016-10-31","Late delivery","Product4","Rework","Northwest China",150,"52.71"
"P210993",20,"2016-8-31","2016-10-31","Late delivery","Product4","Rework","Northwest China",500,"373.17"
"P211477",30,"2016-7-15","2016-10-15","On time delivery","Product2","Quality Passed","East China",1,"335.64"
"P211477",40,"2016-7-15","2016-10-15","On time delivery","Product2","Quality Passed","East China",1,"322.18"
"P211539",10,"2016-8-20","2016-11-20","On time delivery","Product3","Quality Passed","North China",848,"803.40"
"P211539",20,"2016-8-20","2016-11-20","On time delivery","Product3","Quality Passed","North China",2,"21.18"
"P211662",10,"2016-8-30","2016-10-30","On time delivery","Product5","Quality Passed","Thailand",1,"293.71"
"P211679",10,"2016-10-1","2016-11-30","On time delivery","Product3","Quality Passed","North China",1,"263.75"
"P211679",20,"2016-10-1","2016-11-30","On time delivery","Product3","Quality Passed","North China",1,"263.75"
"P212306",10,"2016-10-1","2016-11-30","On time delivery","Product6","Quality Passed","Malaysia",1,"29.40"
"P212306",20,"2016-10-1","2016-11-30","On time delivery","Product6","Quality Passed","Malaysia",1,"12.78"
"P212315",10,"2016-10-1","2016-11-30","On time delivery","Product6","Quality Passed","Malaysia",1,"6.92"
"P212315",20,"2016-10-1","2016-11-30","On time delivery","Product6","Quality Passed","Malaysia",1,"6.92"
"P212349",10,"2016-8-31","2016-10-31","On time delivery","Product5","Rework","Thailand",1,"105.79"
"P212360",10,"2016-7-20","2016-10-20","Late delivery","Product2","Quality Passed","East China",1,"159.77"
"P212380",10,"2016-8-31","2016-10-31","On time delivery","Product6","Quality Passed","Malaysia",1,"28.86"
"P212380",20,"2016-8-31","2016-10-31","On time delivery","Product6","Rejected","Malaysia",1,"28.86"
"P212382",20,"2016-10-25","2016-12-25","On time delivery","Product3","Quality Passed","North China",12,"453.22"
"P212382",30,"2016-10-25","2016-12-25","On time delivery","Product3","Quality Passed","North China",12,"204.91"
"P212400",20,"2016-8-29","2016-10-29","On time delivery","Product6","Quality Passed","Malaysia",1,"31.95"
"P212400",30,"2016-8-29","2016-10-29","On time delivery","Product6","Quality Passed","Malaysia",1,"3.32"
"P212422",10,"2016-8-31","2016-10-31","On time delivery","Product5","Rejected","Thailand",5,"30.91"
"P212422",20,"2016-8-31","2016-10-31","On time delivery","Product5","Rejected","Thailand",10,"64.15"
"P212486",10,"2016-8-29","2016-10-29","On time delivery","Product3","Quality Passed","North China",1,"19.81"
"P212493",10,"2016-8-31","2016-10-31","On time delivery","Product6","Quality Passed","Malaysia",1,"24.13"
"P212505",10,"2016-8-29","2016-10-29","On time delivery","Product3","Quality Passed","North China",12,"7.90"
"P212539",10,"2016-9-15","2016-12-15","On time delivery","Product6","Rejected","Malaysia",2,"12.53"
"P212539",20,"2016-9-15","2016-12-15","On time delivery","Product6","Rejected","Malaysia",2,"51.64"
"P212589",10,"2016-7-20","2016-10-20","On time delivery","Product2","Quality Passed","East China",28,"5.03"
"P213151",10,"2016-8-31","2016-10-31","On time delivery","Product5","Rework","Thailand",1,"101.91"
"P213155",10,"2016-8-31","2016-10-31","On time delivery","Product6","Quality Passed","Malaysia",4,"31.42"
"P213214",10,"2016-8-31","2016-10-31","On time delivery","Product6","Quality Passed","Malaysia",1,"1301.87"
"P213256",10,"2016-8-31","2016-10-31","On time delivery","Product6","Rejected","Malaysia",1,"69.68"
"P213310",10,"2016-8-15","2016-11-15","On time delivery","Product6","Quality Passed","Malaysia",3,"34.79"
"P213332",10,"2016-8-15","2016-11-15","On time delivery","Product5","Quality Passed","Thailand",1,"187.05"
"P213332",20,"2016-8-15","2016-11-15","On time delivery","Product5","Quality Passed","Thailand",1,"187.05"
"P213366",10,"2016-8-29","2016-10-29","On time delivery","Product2","Quality Passed","East China",14,"15.40"
"P213366",20,"2016-8-29","2016-10-29","On time delivery","Product2","Quality Passed","East China",15,"35.47"
"P213423",10,"2016-10-15","2017-1-15","On time delivery","Product2","Rework","East China",5300,"1832.04"
"P213423",20,"2016-10-15","2017-1-15","On time delivery","Product2","Rework","East China",9500,"3283.85"
"P213435",10,"2016-8-29","2016-10-29","Late delivery","Product4","Rework","Northwest China",1,"486.01"
"P214052",10,"2016-8-31","2016-10-31","On time delivery","Product6","Quality Passed","Malaysia",221,"286.29"
"P214052",20,"2016-8-31","2016-10-31","On time delivery","Product6","Quality Passed","Malaysia",269,"758.78"
"P214053",10,"2016-8-31","2016-10-31","On time delivery","Product5","Rejected","Thailand",1,"94.86"
"P214054",10,"2016-9-8","2016-12-8","On time delivery","Product3","Quality Passed","North China",4,"125.57"
"P214160",10,"2016-8-15","2016-11-15","On time delivery","Product5","Quality Passed","Thailand",2,"47.86"
"P214160",20,"2016-8-15","2016-11-15","On time delivery","Product5","Quality Passed","Thailand",2,"478.62"
"P214343",10,"2016-8-28","2016-10-28","On time delivery","Product2","Quality Passed","East China",1,"184.09"
"P214830",10,"2016-8-15","2016-11-15","On time delivery","Product6","Quality Passed","Malaysia",1,"547.75"
"P214830",20,"2016-8-15","2016-11-15","On time delivery","Product6","Quality Passed","Malaysia",1,"572.66"
"P214836",10,"2016-8-31","2016-10-31","On time delivery","Product6","Quality Passed","Malaysia",30,"49.91"
"P214838",10,"2016-8-31","2016-10-31","On time delivery","Product5","Quality Passed","Thailand",10,"210.78"
"P214842",10,"2016-7-15","2016-10-15","On time delivery","Product6","Quality Passed","Malaysia",1,"1046.22"
"P214842",20,"2016-7-15","2016-10-15","On time delivery","Product6","Quality Passed","Malaysia",1,"1046.22"
"P214862",10,"2016-8-31","2016-10-31","On time delivery","Product5","Quality Passed","Thailand",2,"267.68"
"P214867",10,"2016-7-22","2016-10-22","On time delivery","Product2","Rejected","East China",1,"55.51"
"P214878",10,"2016-8-31","2016-10-31","On time delivery","Product6","Quality Passed","Malaysia",16,"1403.13"
"P214886",10,"2016-8-31","2016-10-31","On time delivery","Product6","Rejected","Malaysia",1,"37.86"
"P214886",20,"2016-8-31","2016-10-31","On time delivery","Product6","Rejected","Malaysia",1,"40.05"
"P214903",10,"2016-8-31","2016-10-31","On time delivery","Product5","Quality Passed","Thailand",1,"67.26"
"P214903",20,"2016-8-31","2016-10-31","On time delivery","Product5","Quality Passed","Thailand",1,"56.80"
"P215027",10,"2016-8-30","2016-10-30","Late delivery","Product4","Rework","Northwest China",2,"561.97"
"P215079",10,"2016-8-31","2016-10-31","On time delivery","Product6","Quality Passed","Malaysia",1,"52.31"
"P215110",10,"2016-8-30","2016-10-30","On time delivery","Product3","Rejected","North China",1,"63.28"
"P215665",10,"2016-7-18","2016-10-18","On time delivery","Product6","Quality Passed","Malaysia",1,"14.96"
"P215672",20,"2016-8-31","2016-10-31","On time delivery","Product6","Quality Passed","Malaysia",1,"1047.13"
"P215713",10,"2016-9-20","2016-12-20","Late delivery","Product3","Quality Passed","North China",1,"3412.98"
"P215719",10,"2016-10-30","2016-12-30","On time delivery","Product3","Rework","North China",1,"3412.98"
"P215813",10,"2016-8-31","2016-10-31","On time delivery","Product5","Quality Passed","Thailand",4,"161.94"
"P215813",20,"2016-8-31","2016-10-31","On time delivery","Product5","Quality Passed","Thailand",4,"161.94"
"P215866",10,"2016-8-31","2016-10-31","On time delivery","Product6","Rejected","Malaysia",2,"65.49"
"P215916",10,"2016-8-31","2016-10-31","On time delivery","Product5","Quality Passed","Thailand",5,"119.67"
"P216020",10,"2016-8-26","2016-10-26","On time delivery","Product2","Rework","East China",1,"3068.51"
"P216020",20,"2016-8-26","2016-10-26","On time delivery","Product2","Rework","East China",1,"639.27"
"P216522",10,"2016-9-26","2016-11-26","On time delivery","Product2","Rework","East China",1,"3066.05"
"P216522",20,"2016-9-26","2016-11-26","On time delivery","Product2","Rework","East China",1,"638.76"
"P216532",10,"2016-9-18","2016-12-18","On time delivery","Product2","Rework","East China",20,"30.71"
"P216532",20,"2016-9-18","2016-12-18","On time delivery","Product1","Rework","North China",1,"3659.50"
"P216538",10,"2016-12-30","2017-2-28","On time delivery","Product1","Rework","North China",1,"3659.50"
"P216538",20,"2016-12-30","2017-2-28","On time delivery","Product2","Rework","East China",30,"46.07"
"P216641",10,"2016-8-28","2016-10-28","On time delivery","Product3","Quality Passed","North China",1,"39.15"
"P216657",40,"2016-8-31","2016-10-31","On time delivery","Product2","Quality Passed","East China",2,"10.19"
"P216657",50,"2016-8-31","2016-10-31","On time delivery","Product2","Quality Passed","East China",1,"5.10"
"P216692",10,"2016-8-31","2016-10-31","On time delivery","Product6","Quality Passed","Malaysia",1,"24.66"
"P216694",10,"2016-10-26","2016-12-26","On time delivery","Product3","Quality Passed","North China",1,"388.37"
"P216774",10,"2016-8-15","2016-11-15","On time delivery","Product6","Rejected","Malaysia",1,"80.78"
"P216790",10,"2016-8-15","2016-11-15","On time delivery","Product5","Quality Passed","Thailand",2,"53.81"
"P216790",20,"2016-8-15","2016-11-15","On time delivery","Product5","Quality Passed","Thailand",3,"80.71"
"P217325",10,"2016-8-15","2016-11-15","On time delivery","Product6","Quality Passed","Malaysia",1,"123.57"
"P217325",20,"2016-8-15","2016-11-15","On time delivery","Product6","Quality Passed","Malaysia",1,"74.05"
"P217328",10,"2016-8-15","2016-11-15","On time delivery","Product5","Quality Passed","Thailand",2,"248.34"
"P217344",10,"2016-8-15","2016-11-15","On time delivery","Product6","Rejected","Malaysia",5,"51.15"
"P217344",20,"2016-8-15","2016-11-15","On time delivery","Product6","Rejected","Malaysia",2,"20.46"
"P217351",10,"2016-8-15","2016-11-15","On time delivery","Product6","Quality Passed","Malaysia",2,"14.32"
"P217351",20,"2016-8-15","2016-11-15","On time delivery","Product6","Quality Passed","Malaysia",1,"21.10"
"P218106",10,"2016-8-15","2016-11-15","On time delivery","Product6","Quality Passed","Malaysia",1,"11.23"
"P218106",20,"2016-8-15","2016-11-15","On time delivery","Product6","Quality Passed","Malaysia",1,"11.23"
"P218108",10,"2016-8-15","2016-11-15","On time delivery","Product3","Rejected","North China",1,"96.54"
"P218111",10,"2016-8-15","2016-11-15","Late delivery","Product4","Rework","Northwest China",1,"336.74"
"P218111",20,"2016-8-15","2016-11-15","Late delivery","Product4","Rework","Northwest China",2,"562.72"
"P218117",10,"2016-10-1","2016-11-30","On time delivery","Product6","Quality Passed","Malaysia",1,"51.18"
"P218132",10,"2016-8-15","2016-11-15","On time delivery","Product3","Quality Passed","North China",1,"302.85"
"P218141",10,"2016-11-18","2017-2-18","On time delivery","Product3","Quality Passed","North China",1,"198.80"
"P218141",20,"2016-11-18","2017-2-18","On time delivery","Product3","Quality Passed","North China",1,"23.81"
"P218150",10,"2016-11-21","2017-2-21","On time delivery","Product5","Quality Passed","Thailand",2,"537.24"
"P218160",10,"2016-12-6","2017-3-6","On time delivery","Product6","Quality Passed","Malaysia",2,"1.95"
"P218160",20,"2016-12-6","2017-3-6","On time delivery","Product6","Quality Passed","Malaysia",2,"1.95"
"P218163",10,"2016-12-10","2017-3-10","On time delivery","Product6","Quality Passed","Malaysia",2,"21.85"
"P218163",20,"2016-12-10","2017-3-10","On time delivery","Product6","Quality Passed","Malaysia",2,"21.85"
"P218167",10,"2016-8-30","2016-10-30","On time delivery","Product3","Quality Passed","North China",1,"507.27"
"P218910",10,"2016-8-15","2016-11-15","On time delivery","Product5","Quality Passed","Thailand",500,"220.95"
"P218910",20,"2016-8-15","2016-11-15","On time delivery","Product5","Quality Passed","Thailand",10,"2.55"
"P218921",10,"2016-10-1","2016-11-30","On time delivery","Product6","Rejected","Malaysia",1,"81.87"
"P218938",10,"2016-8-31","2016-10-31","On time delivery","Product6","Rejected","Malaysia",1,"11.54"
"P218938",20,"2016-8-31","2016-10-31","On time delivery","Product6","Rejected","Malaysia",1,"63.48"
"P218990",10,"2016-8-30","2016-10-30","On time delivery","Product3","Rejected","North China",2,"80.97"
"P218997",10,"2016-7-13","2016-10-13","Late delivery","Product2","Quality Passed","East China",1,"2403.81"
"P219036",10,"2016-8-8","2016-11-8","On time delivery","Product2","Quality Passed","East China",380,"3331.31"
"P219050",10,"2016-8-15","2016-11-15","On time delivery","Product6","Quality Passed","Malaysia",1,"51.01"
"P219101",10,"2016-10-20","2017-1-20","On time delivery","Product3","Quality Passed","North China",106,"68.00"
"P219101",20,"2016-10-20","2017-1-20","On time delivery","Product3","Quality Passed","North China",160,"102.64"
"P219148",30,"2016-9-20","2016-12-20","On time delivery","Product2","Quality Passed","East China",200,"546.63"
"P219733",10,"2016-8-31","2016-10-31","On time delivery","Product2","Quality Passed","East China",1,"896.22"
"P219744",10,"2016-8-15","2016-11-15","On time delivery","Product6","Quality Passed","Malaysia",1,"1402.29"
"P219796",10,"2016-8-15","2016-11-15","Late delivery","Product4","Rework","Northwest China",1,"250.17"
"P219796",20,"2016-8-15","2016-11-15","Late delivery","Product4","Rework","Northwest China",1,"250.17"
"P219825",10,"2016-8-15","2016-11-15","On time delivery","Product5","Quality Passed","Thailand",8,"119.50"
"P219895",10,"2016-8-15","2016-11-15","On time delivery","Product5","Quality Passed","Thailand",3,"310.23"
"P220013",10,"2016-8-31","2016-10-31","On time delivery","Product2","Quality Passed","East China",1,"31.02"
"P220590",10,"2016-10-1","2016-11-30","On time delivery","Product6","Quality Passed","Malaysia",1,"27.23"
"P220590",20,"2016-10-1","2016-11-30","On time delivery","Product6","Quality Passed","Malaysia",1,"25.83"
"P220594",10,"2016-9-20","2016-12-20","On time delivery","Product3","Quality Passed","North China",1,"2353.05"
"P220594",20,"2016-9-20","2016-12-20","On time delivery","Product3","Quality Passed","North China",1,"52.49"
"P220595",10,"2016-8-15","2016-11-15","Late delivery","Product4","Rework","Northwest China",1,"201.96"
"P220595",20,"2016-8-15","2016-11-15","Late delivery","Product4","Rework","Northwest China",1,"201.96"
"P220599",10,"2016-9-15","2016-12-15","On time delivery","Product6","Quality Passed","Malaysia",2,"38.42"
"P220659",10,"2016-8-15","2016-11-15","On time delivery","Product5","Quality Passed","Thailand",1,"139.59"
"P220659",20,"2016-8-15","2016-11-15","On time delivery","Product5","Quality Passed","Thailand",1,"139.59"
"P221390",10,"2016-10-20","2017-1-20","On time delivery","Product2","Quality Passed","East China",4,"19.48"
"P221390",20,"2016-10-20","2017-1-20","On time delivery","Product2","Quality Passed","East China",4,"19.48"
"P221399",10,"2016-8-15","2016-11-15","On time delivery","Product6","Rejected","Malaysia",15,"73.04"
"P221481",20,"2016-9-15","2016-12-15","On time delivery","Product6","Quality Passed","Malaysia",1,"8.24"
"P221492",10,"2016-10-1","2016-11-30","On time delivery","Product6","Quality Passed","Malaysia",1,"21.77"
"P221492",20,"2016-10-1","2016-11-30","On time delivery","Product6","Quality Passed","Malaysia",16,"26.64"
"P221566",10,"2016-8-30","2016-10-30","On time delivery","Product3","Quality Passed","North China",1,"158.48"
"P221690",10,"2016-10-12","2017-1-12","On time delivery","Product2","Rejected","East China",4,"75.39"
"P222314",10,"2016-10-1","2016-11-30","On time delivery","Product6","Quality Passed","Malaysia",1,"29.46"
"P222317",10,"2016-11-14","2017-2-14","On time delivery","Product5","Quality Passed","Thailand",1,"296.70"
"P222318",10,"2016-8-15","2016-11-15","On time delivery","Product5","Quality Passed","Thailand",2,"117.83"
"P222353",10,"2016-8-15","2016-11-15","On time delivery","Product5","Rework","Thailand",1,"34.58"
"P222353",20,"2016-8-15","2016-11-15","On time delivery","Product5","Rework","Thailand",1,"67.88"
"P222374",10,"2016-10-1","2016-11-30","On time delivery","Product6","Quality Passed","Malaysia",1,"6.37"
"P222374",20,"2016-10-1","2016-11-30","On time delivery","Product6","Quality Passed","Malaysia",1,"6.37"
"P222384",10,"2016-10-1","2016-11-30","On time delivery","Product6","Quality Passed","Malaysia",2,"19.48"
"P222384",20,"2016-10-1","2016-11-30","On time delivery","Product6","Quality Passed","Malaysia",2,"19.48"
"P222413",10,"2016-8-15","2016-11-15","On time delivery","Product6","Quality Passed","Malaysia",16,"1406.79"
"P222454",10,"2016-8-15","2016-11-15","On time delivery","Product5","Quality Passed","Thailand",500,"224.10"
"P222508",10,"2016-8-24","2016-11-24","On time delivery","Product2","Quality Passed","East China",1,"9.02"
"P222508",20,"2016-8-24","2016-11-24","On time delivery","Product2","Quality Passed","East China",1,"9.17"
"P222584",10,"2016-12-21","2017-3-21","Late delivery","Product2","Rework","East China",1,"2157.84"
"P222584",10,"2016-11-23","2017-2-23","Late delivery","Product2","Rework","East China",1,"2157.84"
"P223059",10,"2016-8-19","2016-11-19","Late delivery","Product2","Rejected","East China",2,"70.62"
"P223062",10,"2016-12-13","2017-3-13","Late delivery","Product2","Quality Passed","East China",1,"130.82"
"P223063",10,"2016-8-31","2016-10-31","On time delivery","Product6","Quality Passed","Malaysia",1,"25.59"
"P223063",20,"2016-8-31","2016-10-31","On time delivery","Product6","Quality Passed","Malaysia",1,"25.59"
"P223076",10,"2016-10-1","2016-11-30","On time delivery","Product6","Quality Passed","Malaysia",10,"14.34"
"P223107",10,"2016-9-20","2016-12-20","On time delivery","Product3","Quality Passed","North China",1,"12.73"
"P223107",20,"2016-9-20","2016-12-20","On time delivery","Product3","Quality Passed","North China",1,"14.22"
"P223123",10,"2016-9-20","2016-12-20","On time delivery","Product3","Quality Passed","North China",1,"12.73"
"P223123",20,"2016-9-20","2016-12-20","On time delivery","Product3","Quality Passed","North China",1,"14.22"
"P223185",10,"2016-10-1","2016-11-30","On time delivery","Product6","Rejected","Malaysia",5,"57.81"
"P223189",10,"2016-10-1","2016-11-30","On time delivery","Product6","Quality Passed","Malaysia",1,"922.45"
"P223240",10,"2016-9-6","2016-12-6","On time delivery","Product2","Quality Passed","East China",1,"19.09"
"P223292",10,"2016-8-20","2016-11-20","On time delivery","Product3","Quality Passed","North China",2,"119.17"
"P223392",10,"2016-9-30","2016-11-30","On time delivery","Product2","Quality Passed","East China",4,"29.29"
"P223945",10,"2016-11-20","2017-2-20","On time delivery","Product3","Quality Passed","North China",1,"23.82"
"P223945",20,"2016-11-20","2017-2-20","On time delivery","Product3","Quality Passed","North China",1,"23.82"
"P223948",10,"2016-8-18","2016-11-18","On time delivery","Product3","Rejected","North China",2,"58.28"
"P223959",10,"2016-8-15","2016-11-15","On time delivery","Product5","Quality Passed","Thailand",300,"234.08"
"P223959",20,"2016-8-15","2016-11-15","On time delivery","Product5","Quality Passed","Thailand",200,"149.13"
"P223976",10,"2016-8-15","2016-11-15","On time delivery","Product5","Quality Passed","Thailand",34,"187.59"
"P224038",10,"2016-10-1","2016-11-30","On time delivery","Product5","Quality Passed","Thailand",5,"130.02"
"P224039",10,"2016-10-1","2016-11-30","On time delivery","Product5","Quality Passed","Thailand",50,"91.48"
"P224039",20,"2016-10-1","2016-11-30","On time delivery","Product5","Quality Passed","Thailand",50,"29.12"
"P224044",10,"2016-8-15","2016-11-15","On time delivery","Product6","Quality Passed","Malaysia",11,"36.36"
"P224172",10,"2016-10-1","2016-11-30","On time delivery","Product5","Quality Passed","Thailand",1,"121.72"
"P224205",10,"2016-8-19","2016-11-19","On time delivery","Product3","Quality Passed","North China",100,"350.77"
"P224784",10,"2016-10-1","2016-11-30","On time delivery","Product6","Quality Passed","Malaysia",2,"49.46"
"P224798",10,"2016-8-15","2016-11-15","On time delivery","Product6","Quality Passed","Malaysia",1,"46.13"
"P224901",10,"2016-10-30","2016-12-30","On time delivery","Product6","Quality Passed","Malaysia",3,"45.78"
"P224957",10,"2016-10-1","2016-11-30","On time delivery","Product6","Quality Passed","Malaysia",20,"32.38"
"P225099",10,"2016-9-15","2016-12-15","On time delivery","Product5","Rejected","Thailand",1,"99.09"
"P225102",10,"2016-10-12","2017-1-12","Late delivery","Product2","Quality Passed","East China",1,"67.46"
"P225102",20,"2016-10-12","2017-1-12","Late delivery","Product2","Quality Passed","East China",1,"142.42"
"P225575",10,"2016-10-1","2016-11-30","On time delivery","Product6","Quality Passed","Malaysia",1,"38.23"
"P225576",10,"2016-8-30","2016-10-30","Late delivery","Product3","Rejected","North China",1,"82.45"
"P225586",10,"2016-8-30","2016-10-30","On time delivery","Product3","Quality Passed","North China",1,"201.63"
"P225589",10,"2016-10-30","2016-12-30","Late delivery","Product3","Quality Passed","North China",2,"48.72"
"P225592",10,"2016-8-5","2016-11-5","On time delivery","Product3","Quality Passed","North China",1,"117.07"
"P225600",10,"2016-8-15","2016-11-15","On time delivery","Product3","Quality Passed","North China",1,"6.16"
"P225621",10,"2016-10-30","2016-12-30","Late delivery","Product3","Rejected","North China",1,"33.52"
"P225621",20,"2016-10-30","2016-12-30","Late delivery","Product3","Rejected","North China",1,"23.29"
"P225628",10,"2016-8-15","2016-11-15","On time delivery","Product6","Quality Passed","Malaysia",1,"20.99"
"P225643",10,"2016-9-15","2016-12-15","On time delivery","Product2","Quality Passed","East China",1,"16.45"
"P225697",10,"2016-8-17","2016-11-17","On time delivery","Product2","Quality Passed","East China",4,"0.51"
"P225697",20,"2016-8-17","2016-11-17","On time delivery","Product2","Quality Passed","East China",2,"1294.64"
"P225823",10,"2016-8-15","2016-11-15","On time delivery","Product6","Quality Passed","Malaysia",2,"41.98"
"P225947",10,"2016-10-1","2016-11-30","Late delivery","Product3","Quality Passed","North China",1,"18.02"
"P225958",10,"2016-8-15","2016-11-15","Late delivery","Product3","Quality Passed","North China",1,"20.38"
"P225966",10,"2016-8-15","2016-11-15","On time delivery","Product3","Quality Passed","North China",1,"4.11"
"P226478",10,"2016-9-26","2016-11-26","On time delivery","Product2","Rejected","East China",2,"61.50"
"P226478",20,"2016-9-26","2016-11-26","On time delivery","Product2","Rejected","East China",2,"13.94"
"P226484",10,"2016-10-1","2016-11-30","On time delivery","Product6","Rejected","Malaysia",5,"45.48"
"P226484",20,"2016-10-1","2016-11-30","On time delivery","Product6","Rejected","Malaysia",5,"34.37"
"P226517",10,"2016-8-9","2016-11-9","On time delivery","Product2","Rework","East China",2,"13169.57"
"P226574",10,"2016-10-1","2016-11-30","On time delivery","Product2","Quality Passed","East China",1,"2322.69"
"P226641",10,"2016-10-1","2016-11-30","On time delivery","Product3","Quality Passed","North China",1,"959.30"
"P226641",20,"2016-10-1","2016-11-30","On time delivery","Product3","Quality Passed","North China",1,"959.30"
"P227218",10,"2016-9-15","2016-12-15","On time delivery","Product3","Quality Passed","North China",25,"154.23"
"P227218",20,"2016-9-15","2016-12-15","On time delivery","Product3","Quality Passed","North China",1,"6.51"
"P227269",10,"2016-10-1","2016-11-30","On time delivery","Product5","Rework","Thailand",3,"99.39"
"P227393",10,"2016-10-30","2016-12-30","On time delivery","Product5","Rework","Thailand",1,"115.84"
"P227798",10,"2016-9-5","2016-12-5","On time delivery","Product3","Quality Passed","North China",3,"975.13"
"P227798",20,"2016-9-5","2016-12-5","On time delivery","Product3","Quality Passed","North China",3,"156.14"
"P227937",10,"2016-10-1","2016-11-30","On time delivery","Product6","Quality Passed","Malaysia",14,"12.63"
"P227937",20,"2016-10-1","2016-11-30","On time delivery","Product6","Quality Passed","Malaysia",4,"30.16"
"P227971",10,"2016-9-30","2016-11-30","On time delivery","Product2","Rework","East China",300,"2629.98"
"P227971",20,"2016-10-30","2016-12-30","On time delivery","Product2","Rework","East China",400,"3506.64"
"P228594",10,"2016-10-30","2016-12-30","On time delivery","Product3","Quality Passed","North China",1,"48.19"
"P228598",10,"2016-10-1","2016-11-30","On time delivery","Product6","Rejected","Malaysia",2,"60.35"
"P228603",10,"2016-8-20","2016-11-20","On time delivery","Product3","Rejected","North China",3,"96.39"
"P228606",20,"2016-8-20","2016-11-20","On time delivery","Product3","Rejected","North China",3,"96.39"
"P228624",10,"2016-12-30","2017-2-28","On time delivery","Product5","Quality Passed","Thailand",1,"177.67"
"P228654",10,"2016-10-30","2016-12-30","On time delivery","Product5","Quality Passed","Thailand",1,"141.38"
"P228654",20,"2016-10-30","2016-12-30","On time delivery","Product5","Quality Passed","Thailand",1,"141.38"
"P228747",10,"2016-10-30","2016-12-30","On time delivery","Product2","Rejected","East China",2,"66.38"
"P229366",10,"2016-10-1","2016-11-30","On time delivery","Product5","Quality Passed","Thailand",4,"183.77"
"P229367",10,"2016-10-1","2016-11-30","On time delivery","Product5","Quality Passed","Thailand",1,"78.30"
"P229367",20,"2016-10-1","2016-11-30","On time delivery","Product5","Quality Passed","Thailand",1,"78.30"
"P229408",10,"2016-8-19","2016-11-19","On time delivery","Product2","Quality Passed","East China",1,"2564.22"
"P229638",10,"2016-9-15","2016-12-15","On time delivery","Product6","Rejected","Malaysia",1,"59.30"
"P230151",10,"2016-9-15","2016-12-15","On time delivery","Product6","Quality Passed","Malaysia",1,"27.74"
"P230159",10,"2016-10-30","2016-12-30","On time delivery","Product6","Quality Passed","Malaysia",1,"903.18"
"P230159",30,"2016-10-30","2016-12-30","On time delivery","Product6","Quality Passed","Malaysia",2,"90.32"
"P230172",10,"2016-10-1","2016-11-30","On time delivery","Product6","Quality Passed","Malaysia",1,"15.29"
"P230174",10,"2016-10-30","2016-12-30","On time delivery","Product6","Quality Passed","Malaysia",1,"202.90"
"P230189",10,"2016-10-8","2017-1-8","Late delivery","Product2","Quality Passed","East China",1,"144.71"
"P230289",10,"2016-9-30","2016-11-30","On time delivery","Product2","Quality Passed","East China",2,"4.25"
"P230289",20,"2016-9-30","2016-11-30","On time delivery","Product2","Quality Passed","East China",4,"8.49"
"P230950",10,"2016-10-30","2016-12-30","On time delivery","Product2","Rejected","East China",2,"66.06"
"P230964",10,"2016-10-1","2016-11-30","On time delivery","Product6","Rejected","Malaysia",1,"90.08"
"P231032",10,"2016-9-15","2016-12-15","On time delivery","Product6","Rejected","Malaysia",2,"65.72"
"P231035",10,"2016-8-12","2016-11-12","On time delivery","Product2","Rejected","East China",2,"0.60"
"P231035",20,"2016-8-12","2016-11-12","On time delivery","Product2","Rejected","East China",1,"0.98"
"P231068",10,"2016-9-15","2016-12-15","On time delivery","Product3","Quality Passed","North China",8,"9.01"
"P231093",10,"2016-10-1","2016-11-30","On time delivery","Product6","Rejected","Malaysia",2,"50.04"
"P231093",20,"2016-10-1","2016-11-30","On time delivery","Product6","Rejected","Malaysia",3,"9.93"
"P231220",10,"2016-9-30","2016-11-30","On time delivery","Product5","Rejected","Thailand",1,"95.39"
"P231639",10,"2016-9-15","2016-12-15","On time delivery","Product6","Quality Passed","Malaysia",16,"1409.23"
"P231647",10,"2016-9-15","2016-12-15","On time delivery","Product6","Rejected","Malaysia",1,"89.10"
"P231652",10,"2016-9-15","2016-12-15","On time delivery","Product6","Rejected","Malaysia",3,"91.57"
"P231656",10,"2016-9-15","2016-12-15","On time delivery","Product6","Rejected","Malaysia",5,"57.96"
"P231735",10,"2016-8-18","2016-11-18","On time delivery","Product2","Quality Passed","East China",1,"4.05"
"P231744",10,"2016-8-18","2016-11-18","On time delivery","Product2","Quality Passed","East China",1,"4.05"
"P231762",10,"2016-8-15","2016-11-15","On time delivery","Product3","Quality Passed","North China",1,"845.28"
"P231768",10,"2016-11-30","2017-1-30","On time delivery","Product2","Quality Passed","East China",4,"19.21"
"P231775",10,"2016-11-30","2017-1-30","On time delivery","Product3","Quality Passed","North China",10,"28.52"
"P231775",20,"2016-11-30","2017-1-30","On time delivery","Product3","Quality Passed","North China",20,"16.51"
"P231780",10,"2016-9-15","2016-12-15","On time delivery","Product6","Rejected","Malaysia",50,"12.11"
"P231780",20,"2016-9-15","2016-12-15","On time delivery","Product6","Rejected","Malaysia",15,"61.58"
"P231812",10,"2016-10-15","2017-1-15","On time delivery","Product6","Quality Passed","Malaysia",1,"19.53"
"P231832",10,"2016-9-15","2016-12-15","On time delivery","Product6","Quality Passed","Malaysia",2,"21.78"
"P232332",10,"2016-10-30","2016-12-30","On time delivery","Product6","Quality Passed","Malaysia",2,"41.24"
"P232347",10,"2016-10-30","2016-12-30","On time delivery","Product6","Quality Passed","Malaysia",1,"43.66"
"P232350",10,"2016-9-15","2016-12-15","On time delivery","Product6","Rejected","Malaysia",2,"50.26"
"P232350",20,"2016-9-15","2016-12-15","On time delivery","Product6","Rejected","Malaysia",4,"13.30"
"P232351",10,"2016-10-1","2016-11-30","On time delivery","Product3","Quality Passed","North China",4,"67.92"
"P232351",20,"2016-10-1","2016-11-30","On time delivery","Product6","Quality Passed","Malaysia",1,"67.92"
"P232396",10,"2016-12-1","2017-1-31","On time delivery","Product6","Rejected","Malaysia",2,"61.86"
"P232406",10,"2016-12-1","2017-1-31","On time delivery","Product6","Rejected","Malaysia",2,"63.15"
"P232443",10,"2016-10-1","2016-11-30","On time delivery","Product3","Quality Passed","North China",2,"34.80"
"P232488",10,"2016-10-8","2017-1-8","Late delivery","Product2","Rejected","East China",2,"74.72"
"P232498",10,"2016-9-15","2016-12-15","On time delivery","Product6","Quality Passed","Malaysia",1,"28.35"
"P232515",10,"2016-10-30","2016-12-30","On time delivery","Product5","Quality Passed","Thailand",4,"128.88"
"P232674",10,"2016-10-1","2016-11-30","On time delivery","Product5","Quality Passed","Thailand",1,"176.60"
"P233144",10,"2016-10-1","2016-11-30","On time delivery","Product6","Quality Passed","Malaysia",2,"8.76"
"P233150",10,"2016-9-15","2016-12-15","On time delivery","Product5","Rework","Thailand",1,"104.51"
"P233168",10,"2016-9-15","2016-12-15","On time delivery","Product3","Quality Passed","North China",1,"173.83"
"P233187",10,"2016-12-1","2017-1-31","On time delivery","Product2","Quality Passed","East China",2,"49.72"
"P233187",20,"2016-12-1","2017-1-31","On time delivery","Product2","Quality Passed","East China",2,"66.29"
"P233261",10,"2016-10-30","2016-12-30","On time delivery","Product2","Quality Passed","East China",4,"11.08"
"P233268",10,"2016-9-15","2016-12-15","On time delivery","Product6","Quality Passed","Malaysia",1,"45.20"
"P233304",10,"2016-9-30","2016-11-30","On time delivery","Product6","Quality Passed","Malaysia",1,"49.57"
"P233482",10,"2016-10-8","2017-1-8","Late delivery","Product3","Quality Passed","North China",1,"386.28"
"P233945",10,"2016-10-8","2017-1-8","Late delivery","Product2","Quality Passed","East China",1,"45.13"
"P233949",10,"2016-9-30","2016-11-30","On time delivery","Product2","Quality Passed","East China",1,"438.15"
"P233951",10,"2016-11-30","2017-1-30","On time delivery","Product1","Rework","South China",9,"3624.25"
"P233951",20,"2016-11-30","2017-1-30","On time delivery","Product1","Rework","Northwest China",9,"3624.26"
"P233983",10,"2016-11-23","2017-2-23","Late delivery","Product2","Quality Passed","East China",1,"1658.59"
"P233983",10,"2016-10-8","2017-1-8","Late delivery","Product2","Quality Passed","East China",1,"1658.59"
"P234737",10,"2016-9-15","2016-12-15","On time delivery","Product6","Quality Passed","Malaysia",3,"46.82"
"P234737",20,"2016-9-15","2016-12-15","On time delivery","Product6","Quality Passed","Malaysia",200,"150.67"
"P234747",10,"2016-10-30","2016-12-30","On time delivery","Product6","Rejected","Malaysia",5,"77.27"
"P234785",10,"2016-9-15","2016-12-15","On time delivery","Product5","Quality Passed","Thailand",3,"47.20"
"P234785",20,"2016-9-15","2016-12-15","On time delivery","Product5","Quality Passed","Thailand",200,"80.37"
"P234838",10,"2016-9-30","2016-11-30","On time delivery","Product3","Quality Passed","North China",1,"426.26"
"P234944",10,"2016-8-22","2016-11-22","On time delivery","Product2","Quality Passed","East China",4,"9.64"
"P234944",20,"2016-8-22","2016-11-22","On time delivery","Product2","Quality Passed","East China",2,"36.76"
"P235329",10,"2016-10-30","2016-12-30","On time delivery","Product5","Quality Passed","Thailand",2,"339.89"
"P235340",10,"2016-8-15","2016-11-15","On time delivery","Product5","Quality Passed","Thailand",10,"193.00"
"P235364",10,"2016-9-30","2016-11-30","On time delivery","Product2","Quality Passed","East China",1,"186.82"
"P235376",10,"2016-10-30","2016-12-30","On time delivery","Product6","Quality Passed","Malaysia",5,"20.01"
"P235379",10,"2016-9-20","2016-12-20","On time delivery","Product5","Quality Passed","Thailand",1,"183.24"
"P235435",10,"2016-12-30","2017-2-28","On time delivery","Product2","Quality Passed","East China",4,"21.15"
"P235435",20,"2016-12-30","2017-2-28","On time delivery","Product2","Quality Passed","East China",4,"21.15"
"P235439",10,"2016-10-30","2016-12-30","On time delivery","Product5","Quality Passed","Thailand",2,"60.42"
"P235439",20,"2016-10-30","2016-12-30","On time delivery","Product5","Quality Passed","Thailand",4,"120.85"
"P235661",10,"2016-9-30","2016-11-30","Late delivery","Product2","Quality Passed","East China",2,"49.88"
"P235735",10,"2016-10-20","2017-1-20","On time delivery","Product3","Quality Passed","North China",1,"323.91"
"P236122",10,"2016-10-1","2016-11-30","On time delivery","Product2","Quality Passed","East China",1,"116.04"
"P236136",10,"2016-9-20","2016-12-20","On time delivery","Product6","Quality Passed","Malaysia",1,"1311.09"
"P236161",10,"2016-10-25","2016-12-25","On time delivery","Product6","Rejected","Malaysia",100,"56.68"
"P236192",10,"2016-9-30","2016-11-30","On time delivery","Product2","Quality Passed","East China",1,"147.69"
"P236216",10,"2016-10-30","2016-12-30","On time delivery","Product2","Quality Passed","East China",1,"39.18"
"P236271",60,"2016-10-30","2016-12-30","On time delivery","Product5","Quality Passed","Thailand",1,"392.42"
"P236317",10,"2016-9-12","2016-12-12","On time delivery","Product3","Quality Passed","North China",6,"198.18"
"P236361",10,"2016-10-12","2017-1-12","On time delivery","Product3","Rework","North China",1,"112.48"
"P236856",10,"2016-10-30","2016-12-30","On time delivery","Product3","Quality Passed","North China",2,"128.90"
"P236866",10,"2016-10-1","2016-11-30","On time delivery","Product5","Rework","Thailand",1,"43.05"
"P236866",20,"2016-10-1","2016-11-30","On time delivery","Product5","Rework","Thailand",1,"59.55"
"P236902",10,"2016-10-30","2016-12-30","Late delivery","Product4","Rework","Northwest China",1,"707.30"
"P236962",10,"2016-10-30","2016-12-30","On time delivery","Product6","Rejected","Malaysia",1,"40.86"
"P236962",20,"2016-10-30","2016-12-30","On time delivery","Product6","Rejected","Malaysia",1,"24.33"
"P236964",10,"2016-10-30","2016-12-30","Late delivery","Product4","Rework","Northwest China",1,"203.28"
"P236964",20,"2016-10-30","2016-12-30","Late delivery","Product4","Rework","Northwest China",1,"203.28"
"P237647",10,"2016-12-30","2017-2-28","On time delivery","Product5","Quality Passed","Thailand",1,"164.10"
"P237724",10,"2016-10-30","2016-12-30","On time delivery","Product5","Rework","Thailand",1,"101.87"
"P237725",10,"2016-10-30","2016-12-30","On time delivery","Product5","Rework","Thailand",1,"107.34"
"P237726",10,"2016-9-13","2016-12-13","On time delivery","Product6","Rejected","Malaysia",1,"58.01"
"P237729",10,"2016-9-15","2016-12-15","On time delivery","Product5","Quality Passed","Thailand",5,"125.28"
"P237732",10,"2016-10-10","2017-1-10","On time delivery","Product2","Quality Passed","East China",80,"140.71"
"P237736",10,"2016-10-30","2016-12-30","On time delivery","Product6","Quality Passed","Malaysia",1,"38.55"
"P237736",20,"2016-10-30","2016-12-30","On time delivery","Product6","Quality Passed","Malaysia",3,"9.64"
"P237746",10,"2016-10-30","2016-12-30","On time delivery","Product3","Quality Passed","North China",1,"14.01"
"P237747",10,"2016-10-30","2016-12-30","On time delivery","Product5","Quality Passed","Thailand",1,"374.32"
"P237770",10,"2016-11-18","2017-2-18","On time delivery","Product3","Quality Passed","North China",1,"213.10"
"P237770",20,"2016-11-18","2017-2-18","Late delivery","Product3","Quality Passed","North China",1,"23.90"
"P237775",10,"2016-9-15","2016-12-15","On time delivery","Product3","Rejected","North China",2,"81.61"
"P238419",10,"2016-10-30","2016-12-30","Late delivery","Product4","Rework","Northwest China",1000,"445.37"
"P238419",20,"2016-10-30","2016-12-30","Late delivery","Product4","Rework","Northwest China",10,"2.57"
"P238422",10,"2016-10-30","2016-12-30","Late delivery","Product4","Rework","Northwest China",4,"137.72"
"P238422",20,"2016-10-30","2016-12-30","Late delivery","Product4","Rework","Northwest China",500,"373.95"
"P238454",10,"2016-9-15","2016-12-15","On time delivery","Product5","Quality Passed","Thailand",20,"107.95"
"P238454",20,"2016-9-15","2016-12-15","On time delivery","Product5","Quality Passed","Thailand",20,"61.69"
"P238457",10,"2016-10-30","2016-12-30","On time delivery","Product6","Quality Passed","Malaysia",1,"1015.25"
"P238525",10,"2016-9-15","2016-12-15","On time delivery","Product2","Quality Passed","East China",2,"167.07"
"P238527",10,"2016-11-15","2017-2-15","On time delivery","Product2","Quality Passed","East China",4,"2.71"
"P238527",20,"2016-11-15","2017-2-15","On time delivery","Product2","Quality Passed","East China",4,"2.71"
"P238559",10,"2016-10-24","2017-1-24","On time delivery","Product3","Quality Passed","North China",1,"131.67"
"P238570",10,"2016-10-30","2016-12-30","On time delivery","Product5","Quality Passed","Thailand",100,"200.82"
"P238570",20,"2016-10-30","2016-12-30","On time delivery","Product5","Quality Passed","Thailand",100,"116.83"
"P238587",10,"2016-10-30","2016-12-30","On time delivery","Product5","Quality Passed","Thailand",1,"366.88"
"P239185",10,"2016-10-15","2017-1-15","On time delivery","Product5","Quality Passed","Thailand",1,"514.41"
"P239186",10,"2016-10-15","2017-1-15","On time delivery","Product5","Quality Passed","Thailand",1,"302.39"
"P239191",10,"2016-10-15","2017-1-15","On time delivery","Product6","Quality Passed","Malaysia",1,"27.13"
"P239191",20,"2016-10-15","2017-1-15","On time delivery","Product6","Quality Passed","Malaysia",1,"27.13"
"P239233",10,"2016-9-15","2016-12-15","On time delivery","Product5","Quality Passed","Thailand",3,"255.99"
"P239246",10,"2016-9-30","2016-11-30","Late delivery","Product3","Quality Passed","North China",1,"1229.95"
"P239246",20,"2016-9-30","2016-11-30","Late delivery","Product3","Quality Passed","North China",1,"1229.95"
"P239258",10,"2016-9-15","2016-12-15","On time delivery","Product5","Rejected","Thailand",3,"97.88"
"P239273",10,"2016-10-30","2016-12-30","On time delivery","Product3","Rejected","North China",1,"70.54"
"P239427",10,"2016-10-30","2016-12-30","On time delivery","Product3","Quality Passed","North China",1,"45.48"
"P239442",10,"2016-8-30","2016-10-30","Late delivery","Product3","Quality Passed","North China",1,"29.47"
"P239454",10,"2016-8-30","2016-10-30","Late delivery","Product3","Quality Passed","North China",2,"174.58"
"P239475",10,"2016-8-30","2016-10-30","Late delivery","Product3","Quality Passed","North China",1,"152.54"
"P240011",10,"2016-10-1","2016-11-30","On time delivery","Product6","Rejected","Malaysia",1,"52.57"
"P240011",20,"2016-10-1","2016-11-30","On time delivery","Product6","Rejected","Malaysia",56,"37.26"
"P240025",10,"2016-10-30","2016-12-30","On time delivery","Product5","Quality Passed","Thailand",600,"23.07"
"P240025",20,"2016-10-30","2016-12-30","On time delivery","Product5","Quality Passed","Thailand",1,"314.54"
"P240310",10,"2016-9-30","2016-11-30","On time delivery","Product2","Rejected","East China",2,"0.60"
"P240310",20,"2016-9-30","2016-11-30","On time delivery","Product2","Rejected","East China",1,"2.63"
"P240875",10,"2016-9-15","2016-12-15","On time delivery","Product5","Quality Passed","Thailand",1,"112.68"
"P240875",20,"2016-9-15","2016-12-15","On time delivery","Product5","Quality Passed","Thailand",1,"112.68"
"P240901",10,"2016-10-1","2016-11-30","On time delivery","Product6","Quality Passed","Malaysia",1,"27.04"
"P240931",10,"2016-12-30","2017-2-28","Late delivery","Product4","Rework","Northwest China",1,"746.69"
"P241709",10,"2016-10-14","2017-1-14","Late delivery","Product2","Quality Passed","East China",2,"465.27"
"P241713",10,"2016-9-5","2016-12-5","On time delivery","Product3","Quality Passed","North China",1,"116.85"
"P241715",10,"2016-9-15","2016-12-15","On time delivery","Product3","Quality Passed","North China",1,"116.85"
"P241722",10,"2016-9-15","2016-12-15","On time delivery","Product6","Rejected","Malaysia",1,"87.12"
"P242616",10,"2016-11-30","2017-1-30","On time delivery","Product3","Rejected","North China",2,"10.03"
"P242616",20,"2016-11-30","2017-1-30","On time delivery","Product3","Rejected","North China",2,"74.84"
"P242812",10,"2016-10-30","2016-12-30","On time delivery","Product5","Quality Passed","Thailand",1,"186.55"
"P242812",20,"2016-10-30","2016-12-30","On time delivery","Product5","Quality Passed","Thailand",2,"209.61"
"P242823",10,"2016-10-30","2016-12-30","On time delivery","Product6","Rejected","Malaysia",2,"66.54"
"P243354",10,"2016-9-20","2016-12-20","On time delivery","Product3","Quality Passed","North China",350,"65.53"
"P243354",20,"2016-9-20","2016-12-20","On time delivery","Product3","Quality Passed","North China",350,"65.53"
"P243400",10,"2016-9-15","2016-12-15","On time delivery","Product6","Quality Passed","Malaysia",4,"34.82"
"P243414",10,"2016-10-15","2017-1-15","On time delivery","Product5","Quality Passed","Thailand",4,"124.51"
"P243420",10,"2016-9-15","2016-12-15","On time delivery","Product2","Rejected","East China",1,"73.78"
"P243474",20,"2016-10-30","2016-12-30","On time delivery","Product2","Quality Passed","East China",2,"4.31"
"P243488",10,"2016-10-30","2016-12-30","On time delivery","Product5","Quality Passed","Thailand",2,"183.84"
"P243624",10,"2016-10-30","2016-12-30","On time delivery","Product5","Rework","Thailand",1,"102.41"
"P243691",10,"2016-9-6","2016-12-6","On time delivery","Product3","Quality Passed","North China",1,"19.47"
"P244261",20,"2016-10-1","2016-11-30","On time delivery","Product1","Rework","Northwest China",1,"9221.69"
"P244292",10,"2016-9-15","2016-12-15","On time delivery","Product6","Quality Passed","Malaysia",1,"25.61"
"P244292",20,"2016-9-15","2016-12-15","On time delivery","Product6","Quality Passed","Malaysia",1,"25.61"
"P244336",10,"2016-12-30","2017-2-28","On time delivery","Product5","Quality Passed","Thailand",1,"269.64"
"P244336",20,"2016-12-30","2017-2-28","On time delivery","Product5","Quality Passed","Thailand",1,"269.64"
"P244345",10,"2016-12-30","2017-2-28","On time delivery","Product6","Quality Passed","Malaysia",1,"914.06"
"P244455",10,"2016-10-30","2016-12-30","On time delivery","Product6","Rejected","Malaysia",1,"71.53"
"P244499",20,"2016-10-30","2016-12-30","On time delivery","Product5","Quality Passed","Thailand",1,"139.43"
"P244499",30,"2016-10-30","2016-12-30","On time delivery","Product5","Quality Passed","Thailand",1,"71.83"
"P245064",10,"2016-11-30","2017-1-30","On time delivery","Product6","Quality Passed","Malaysia",3,"37.43"
"P245067",10,"2016-11-30","2017-1-30","On time delivery","Product6","Quality Passed","Malaysia",1,"25.38"
"P245070",10,"2016-10-30","2016-12-30","On time delivery","Product6","Quality Passed","Malaysia",16,"26.62"
"P245076",10,"2016-10-30","2016-12-30","On time delivery","Product3","Quality Passed","North China",1,"4.29"
"P245076",20,"2016-10-30","2016-12-30","On time delivery","Product3","Quality Passed","North China",1,"6.14"
"P245108",20,"2016-11-10","2017-2-10","On time delivery","Product2","Quality Passed","East China",16,"2819.34"
"P245128",10,"2016-11-10","2017-2-10","On time delivery","Product2","Quality Passed","East China",16,"2819.34"
"P245133",10,"2016-10-12","2017-1-12","On time delivery","Product6","Quality Passed","Malaysia",1,"21.75"
"P245133",20,"2016-10-12","2017-1-12","On time delivery","Product6","Quality Passed","Malaysia",3,"19.19"
"P245258",10,"2016-11-15","2017-2-15","On time delivery","Product5","Quality Passed","Thailand",3,"168.07"
"P245915",10,"2016-10-30","2016-12-30","On time delivery","Product2","Quality Passed","East China",4,"0.51"
"P245915",20,"2016-10-30","2016-12-30","On time delivery","Product2","Quality Passed","East China",8,"12.29"
"P245919",10,"2016-10-30","2016-12-30","On time delivery","Product3","Quality Passed","North China",1,"25.21"
"P246023",10,"2016-10-10","2017-1-10","On time delivery","Product3","Quality Passed","North China",1,"8.78"
"P246131",10,"2016-10-30","2016-12-30","On time delivery","Product6","Quality Passed","Malaysia",1,"12.16"
"P246131",20,"2016-10-30","2016-12-30","On time delivery","Product6","Quality Passed","Malaysia",1,"4.49"
"P246665",10,"2016-10-20","2017-1-20","On time delivery","Product2","Quality Passed","East China",12,"22.46"
"P246666",10,"2016-10-20","2017-1-20","On time delivery","Product2","Quality Passed","East China",12,"22.46"
"P246666",20,"2016-10-20","2017-1-20","On time delivery","Product2","Quality Passed","East China",12,"22.46"
"P246672",10,"2016-11-11","2017-2-11","On time delivery","Product5","Quality Passed","Thailand",1,"330.22"
"P246678",10,"2016-10-15","2017-1-15","On time delivery","Product6","Quality Passed","Malaysia",20,"16.47"
"P246733",10,"2016-9-15","2016-12-15","On time delivery","Product5","Rework","Thailand",5,"108.94"
"P246741",10,"2016-9-15","2016-12-15","On time delivery","Product6","Quality Passed","Malaysia",5,"15.87"
"P246741",20,"2016-9-15","2016-12-15","On time delivery","Product6","Quality Passed","Malaysia",8,"20.48"
"P246758",10,"2016-10-30","2016-12-30","On time delivery","Product6","Quality Passed","Malaysia",2,"5.38"
"P246758",20,"2016-10-30","2016-12-30","On time delivery","Product6","Quality Passed","Malaysia",14,"13.63"
"P246773",10,"2016-10-14","2017-1-14","On time delivery","Product3","Rework","North China",18,"103.67"
"P246800",10,"2016-10-15","2017-1-15","On time delivery","Product5","Rework","Thailand",1,"104.94"
"P246840",10,"2016-10-30","2016-12-30","On time delivery","Product3","Quality Passed","North China",5,"35.84"
"P246940",10,"2016-10-30","2016-12-30","On time delivery","Product3","Quality Passed","North China",500,"24.33"
"P247031",10,"2016-12-14","2017-3-14","On time delivery","Product2","Quality Passed","East China",1,"11.89"
"P247031",20,"2016-12-14","2017-3-14","On time delivery","Product2","Quality Passed","East China",1,"11.89"
"P247478",10,"2016-11-30","2017-1-30","On time delivery","Product2","Quality Passed","East China",268,"20.06"
"P247478",20,"2016-11-30","2017-1-30","On time delivery","Product2","Quality Passed","East China",268,"20.06"
"P247547",10,"2016-11-21","2017-2-21","On time delivery","Product3","Quality Passed","North China",1,"1399.16"
"P248422",10,"2016-12-30","2017-2-28","On time delivery","Product2","Quality Passed","East China",1,"1119.58"
"P248427",10,"2016-10-20","2017-1-20","On time delivery","Product3","Rejected","North China",16,"3.36"
"P248433",10,"2016-12-10","2017-3-10","On time delivery","Product3","Quality Passed","North China",224,"147.91"
"P248438",10,"2016-10-10","2017-1-10","On time delivery","Product2","Quality Passed","East China",4,"7.50"
"P248442",10,"2016-10-30","2016-12-30","On time delivery","Product6","Rejected","Malaysia",100,"70.55"
"P248552",10,"2016-10-30","2016-12-30","On time delivery","Product2","Quality Passed","East China",1,"38.53"
"P248604",10,"2016-9-14","2016-12-14","On time delivery","Product2","Rework","East China",1,"3078.36"
"P248604",20,"2016-9-14","2016-12-14","On time delivery","Product2","Rework","East China",1,"641.33"
"P248633",10,"2016-10-27","2016-12-27","On time delivery","Product2","Rework","East China",1,"3078.36"
"P248633",20,"2016-10-27","2016-12-27","On time delivery","Product2","Rework","East China",1,"641.33"
"P248661",10,"2016-10-15","2017-1-15","On time delivery","Product6","Quality Passed","Malaysia",1,"13.47"
"P248675",10,"2016-10-30","2016-12-30","On time delivery","Product3","Quality Passed","North China",300,"13.46"
"P248675",20,"2016-10-30","2016-12-30","On time delivery","Product3","Quality Passed","North China",240,"23.41"
"P248760",10,"2016-9-15","2016-12-15","On time delivery","Product6","Quality Passed","Malaysia",4,"37.52"
"P249235",10,"2016-10-10","2017-1-10","On time delivery","Product3","Quality Passed","North China",1,"346.32"
"P249240",10,"2016-10-15","2017-1-15","Late delivery","Product2","Rework","East China",4,"4722.18"
"P249505",10,"2016-12-30","2017-2-28","On time delivery","Product5","Quality Passed","Thailand",3,"147.74"
"P249549",10,"2016-10-15","2017-1-15","On time delivery","Product6","Quality Passed","Malaysia",1,"1305.87"
"P249575",10,"2016-10-15","2017-1-15","On time delivery","Product5","Quality Passed","Thailand",2,"120.08"
"P250916",10,"2016-11-28","2017-1-28","On time delivery","Product2","Quality Passed","East China",1,"729.24"
"P250921",10,"2016-10-17","2017-1-17","On time delivery","Product6","Quality Passed","Malaysia",2,"4.15"
"P250921",20,"2016-10-17","2017-1-17","On time delivery","Product6","Quality Passed","Malaysia",4,"8.30"
"P250941",10,"2016-10-10","2017-1-10","On time delivery","Product3","Quality Passed","North China",1,"161.70"
"P251034",10,"2016-12-1","2017-1-31","On time delivery","Product3","Quality Passed","North China",20,"551.17"
"P251069",10,"2016-10-18","2017-1-18","On time delivery","Product2","Quality Passed","East China",1,"22.00"
"P251083",10,"2016-12-30","2017-2-28","Late delivery","Product4","Rework","Northwest China",1,"449.59"
"P251130",10,"2016-11-15","2017-2-15","On time delivery","Product3","Rework","North China",2,"115.99"
"P251145",10,"2016-10-15","2017-1-15","On time delivery","Product6","Quality Passed","Malaysia",1,"21.71"
"P251740",10,"2016-12-9","2017-3-9","On time delivery","Product2","Quality Passed","East China",1,"363.33"
"P251795",10,"2016-9-23","2016-12-23","On time delivery","Product3","Quality Passed","North China",600,"430.09"
"P251926",10,"2016-10-15","2017-1-15","On time delivery","Product5","Quality Passed","Thailand",1,"193.31"
"P251928",10,"2016-10-8","2017-1-8","Late delivery","Product3","Rejected","North China",1,"69.93"
"P251937",10,"2016-12-30","2017-2-28","On time delivery","Product3","Quality Passed","North China",4,"22.33"
"P251937",20,"2016-12-30","2017-2-28","On time delivery","Product3","Quality Passed","North China",4,"22.33"
"P251956",10,"2016-11-18","2017-2-18","Late delivery","Product3","Quality Passed","North China",1,"31.47"
"P251956",20,"2016-11-18","2017-2-18","On time delivery","Product3","Quality Passed","North China",1,"206.13"
"P251989",20,"2016-12-30","2017-2-28","On time delivery","Product3","Quality Passed","North China",4,"16.78"
"P252562",10,"2016-10-15","2017-1-15","On time delivery","Product6","Quality Passed","Malaysia",10,"54.48"
"P252569",10,"2016-11-15","2017-2-15","On time delivery","Product2","Rework","East China",43,"2124.69"
"P252569",20,"2016-11-15","2017-2-15","On time delivery","Product2","Rework","East China",43,"2035.13"
"P252575",10,"2016-11-28","2017-1-28","On time delivery","Product2","Quality Passed","East China",1,"13.75"
"P252578",10,"2016-12-1","2017-1-31","On time delivery","Product2","Quality Passed","East China",1,"358.47"
"P252578",20,"2016-12-1","2017-1-31","On time delivery","Product2","Quality Passed","East China",1,"12.16"
"P252602",10,"2016-11-15","2017-2-15","Late delivery","Product4","Rework","Northwest China",1,"448.09"
"P252656",10,"2016-10-30","2016-12-30","On time delivery","Product2","Rejected","East China",1,"70.30"
"P252656",20,"2016-10-30","2016-12-30","On time delivery","Product2","Rejected","East China",1,"25.02"
"P252688",10,"2016-11-30","2017-1-30","On time delivery","Product2","Quality Passed","East China",4,"8.99"
"P252688",20,"2016-11-30","2017-1-30","On time delivery","Product2","Quality Passed","East China",4,"8.99"
"P252694",10,"2016-9-21","2016-12-21","On time delivery","Product3","Quality Passed","North China",2,"339.15"
"P252722",10,"2016-10-8","2017-1-8","Late delivery","Product2","Quality Passed","East China",2,"2772.09"
"P252725",10,"2016-12-10","2017-3-10","On time delivery","Product3","Quality Passed","North China",1,"651.13"
"P252887",10,"2016-10-15","2017-1-15","Late delivery","Product4","Rework","Northwest China",1000,"443.68"
"P252887",20,"2016-10-15","2017-1-15","Late delivery","Product4","Rework","Northwest China",20,"5.12"
"P255090",10,"2016-11-15","2017-2-15","On time delivery","Product2","Quality Passed","East China",1,"1146.38"
"P255101",10,"2016-10-15","2017-1-15","On time delivery","Product5","Quality Passed","Thailand",500,"271.38"
"P255102",10,"2016-12-30","2017-2-28","On time delivery","Product2","Rejected","East China",1,"82.14"
"P255105",10,"2016-10-8","2017-1-8","On time delivery","Product2","Quality Passed","East China",1,"335.64"
"P255108",10,"2016-10-15","2017-1-15","On time delivery","Product5","Quality Passed","Thailand",500,"372.68"
"P255120",20,"2016-12-30","2017-2-28","On time delivery","Product3","Quality Passed","North China",1,"25.62"
"P255136",10,"2016-10-15","2017-1-15","On time delivery","Product3","Quality Passed","North China",1,"152.55"
"P255181",10,"2016-10-10","2017-1-10","On time delivery","Product3","Rejected","North China",1,"3.60"
"P255182",10,"2016-10-8","2017-1-8","On time delivery","Product2","Rejected","East China",2,"76.89"
"P255190",10,"2016-12-1","2017-1-31","On time delivery","Product6","Rejected","Malaysia",4,"69.71"
"P255195",10,"2016-10-15","2017-1-15","On time delivery","Product6","Quality Passed","Malaysia",1,"27.55"
"P255242",10,"2016-11-15","2017-2-15","On time delivery","Product6","Quality Passed","Malaysia",1,"23.07"
"P255253",10,"2016-10-15","2017-1-15","Late delivery","Product4","Rework","Northwest China",2,"449.79"
"P255327",10,"2016-12-30","2017-2-28","On time delivery","Product3","Quality Passed","North China",1,"401.54"
"P255377",10,"2016-10-15","2017-1-15","On time delivery","Product6","Quality Passed","Malaysia",1,"1304.39"
"P255428",10,"2016-12-1","2017-1-31","On time delivery","Product3","Rejected","North China",300,"19.21"
"P255428",20,"2016-12-1","2017-1-31","On time delivery","Product6","Rejected","Malaysia",1,"40.21"
"P255429",10,"2016-10-15","2017-1-15","On time delivery","Product6","Quality Passed","Malaysia",1,"20.51"
"P255429",20,"2016-10-15","2017-1-15","On time delivery","Product6","Quality Passed","Malaysia",1,"20.51"
"P255474",10,"2016-10-15","2017-1-15","On time delivery","Product3","Quality Passed","North China",1,"939.61"
"P255474",20,"2016-10-15","2017-1-15","On time delivery","Product3","Quality Passed","North China",1,"939.61"
"P255490",10,"2016-10-30","2016-12-30","On time delivery","Product6","Quality Passed","Malaysia",1,"13.84"
"P255538",10,"2016-10-15","2017-1-15","On time delivery","Product6","Quality Passed","Malaysia",2,"14.35"
"P256151",10,"2016-9-20","2016-12-20","Late delivery","Product3","Quality Passed","North China",1,"889.13"
"P256164",10,"2016-11-20","2017-2-20","On time delivery","Product2","Quality Passed","East China",1,"36.13"
"P256188",10,"2016-12-1","2017-1-31","On time delivery","Product3","Quality Passed","North China",1,"2248.65"
"P256236",10,"2016-10-25","2016-12-25","On time delivery","Product2","Quality Passed","East China",1,"200.79"
"P257139",10,"2016-12-1","2017-1-31","On time delivery","Product6","Rejected","Malaysia",60,"85.44"
"P257145",10,"2016-10-15","2017-1-15","On time delivery","Product6","Quality Passed","Malaysia",1,"1.92"
"P257145",20,"2016-10-15","2017-1-15","On time delivery","Product6","Quality Passed","Malaysia",1,"23.07"
"P257208",10,"2016-10-15","2017-1-15","On time delivery","Product2","Quality Passed","East China",4,"9.23"
"P257208",20,"2016-10-15","2017-1-15","On time delivery","Product2","Quality Passed","East China",4,"32.18"
"P257209",10,"2016-12-21","2017-3-21","On time delivery","Product5","Quality Passed","Thailand",144,"262.89"
"P257239",10,"2016-10-13","2017-1-13","On time delivery","Product6","Quality Passed","Malaysia",8,"13.84"
"P257356",10,"2016-11-30","2017-1-30","On time delivery","Product2","Rejected","East China",110,"49.47"
"P257356",20,"2016-11-30","2017-1-30","On time delivery","Product2","Rejected","East China",110,"49.47"
"P258069",10,"2016-10-20","2017-1-20","On time delivery","Product3","Quality Passed","North China",266,"171.50"
"P258160",10,"2016-12-1","2017-1-31","On time delivery","Product3","Quality Passed","North China",12,"7.92"
"P258182",10,"2016-11-30","2017-1-30","On time delivery","Product6","Rejected","Malaysia",10,"54.53"
"P259120",10,"2016-10-15","2017-1-15","On time delivery","Product6","Quality Passed","Malaysia",1,"16.27"
"P259167",10,"2016-12-1","2017-1-31","On time delivery","Product5","Rework","Thailand",1,"107.95"
"P259264",10,"2016-12-1","2017-1-31","On time delivery","Product6","Rejected","Malaysia",1,"17.43"
"P259264",20,"2016-12-1","2017-1-31","On time delivery","Product6","Rejected","Malaysia",2,"43.57"
"P259279",10,"2016-11-10","2017-2-10","On time delivery","Product2","Quality Passed","East China",134,"10.05"
"P259279",20,"2016-11-10","2017-2-10","On time delivery","Product2","Quality Passed","East China",134,"10.05"
"P259303",10,"2016-12-19","2017-3-19","On time delivery","Product2","Rejected","East China",2,"43.48"
"P259303",20,"2016-12-19","2017-3-19","On time delivery","Product2","Rejected","East China",2,"43.48"
"P259318",10,"2016-10-29","2016-12-29","On time delivery","Product5","Quality Passed","Thailand",1,"96.40"
"P259318",20,"2016-10-29","2016-12-29","Late delivery","Product5","Quality Passed","Thailand",1,"96.40"
"P260011",10,"2016-12-30","2017-2-28","On time delivery","Product3","Quality Passed","North China",1,"48.19"
"P260079",10,"2016-10-15","2017-1-15","On time delivery","Product6","Quality Passed","Malaysia",4,"13.33"
"P260081",50,"2016-11-10","2017-2-10","On time delivery","Product3","Quality Passed","North China",1,"276.21"
"P260081",60,"2016-11-10","2017-2-10","On time delivery","Product3","Quality Passed","North China",1,"329.59"
"P260100",10,"2016-10-15","2017-1-15","On time delivery","Product6","Quality Passed","Malaysia",10,"10.24"
"P260105",10,"2016-10-15","2017-1-15","On time delivery","Product6","Quality Passed","Malaysia",1,"30.76"
"P260970",10,"2016-12-1","2017-1-31","On time delivery","Product5","Quality Passed","Thailand",4,"107.81"
"P260970",20,"2016-12-1","2017-1-31","On time delivery","Product5","Quality Passed","Thailand",50,"134.48"
"P260975",10,"2016-11-10","2017-2-10","On time delivery","Product6","Rework","Malaysia",2,"44.99"
"P260975",20,"2016-11-10","2017-2-10","On time delivery","Product2","Rework","East China",2,"61.42"
"P261876",10,"2016-12-1","2017-1-31","On time delivery","Product3","Quality Passed","North China",1,"151.64"
"P261891",10,"2016-11-15","2017-2-15","On time delivery","Product3","Quality Passed","North China",2,"14.03"
"P261891",20,"2016-11-15","2017-2-15","On time delivery","Product3","Quality Passed","North China",2,"14.03"
"P261893",10,"2016-11-11","2017-2-11","On time delivery","Product3","Quality Passed","North China",1,"11.77"
"P261904",10,"2016-12-30","2017-2-28","On time delivery","Product5","Rework","Thailand",5,"109.01"
"P261929",10,"2016-12-1","2017-1-31","On time delivery","Product5","Rejected","Thailand",2,"69.98"
"P261929",40,"2016-12-1","2017-1-31","On time delivery","Product5","Rejected","Thailand",1,"29.37"
"P262232",10,"2016-12-1","2017-1-31","On time delivery","Product6","Quality Passed","Malaysia",1,"32.02"
"P262232",20,"2016-12-1","2017-1-31","On time delivery","Product6","Quality Passed","Malaysia",1,"3.33"
"P263936",10,"2016-12-30","2017-2-28","Late delivery","Product4","Rework","Northwest China",20,"668.51"
"P263958",10,"2016-11-15","2017-2-15","On time delivery","Product2","Quality Passed","East China",191,"144.96"
"P263958",20,"2016-11-15","2017-2-15","On time delivery","Product2","Quality Passed","East China",191,"144.96"
"P263985",10,"2016-10-15","2017-1-15","On time delivery","Product3","Quality Passed","North China",1,"153.60"
"P268678",10,"2016-11-15","2017-2-15","Late delivery","Product4","Rework","Northwest China",1,"755.45"
"P268732",10,"2016-12-15","2017-3-15","On time delivery","Product5","Quality Passed","Thailand",1,"226.92"
"P268736",10,"2016-11-5","2017-2-5","Late delivery","Product5","Quality Passed","Thailand",1,"345.05"
"P268751",10,"2016-12-1","2017-1-31","On time delivery","Product3","Rejected","North China",1,"96.42"
"P268754",10,"2016-11-25","2017-1-25","Late delivery","Product6","Quality Passed","Malaysia",1,"52.46"
"P268755",10,"2016-10-15","2017-1-15","On time delivery","Product3","Quality Passed","North China",2,"163.45"
"P268756",10,"2016-10-15","2017-1-15","On time delivery","Product3","Rejected","North China",1,"88.05"
"P268761",10,"2016-11-5","2017-2-5","Late delivery","Product5","Rework","Thailand",1,"104.92"
"P268766",10,"2016-12-1","2017-1-31","On time delivery","Product2","Quality Passed","East China",1,"14.62"
"P268769",10,"2016-12-28","2017-2-28","Late delivery","Product6","Rejected","Malaysia",1,"59.96"
"P268783",10,"2016-12-1","2017-1-31","On time delivery","Product2","Rejected","East China",1,"69.60"
"P268784",10,"2016-10-15","2017-1-15","On time delivery","Product3","Quality Passed","North China",3,"12.88"
"P268785",10,"2016-12-1","2017-1-31","On time delivery","Product2","Rejected","East China",1,"74.95"
"P268823",10,"2016-12-15","2017-3-15","Late delivery","Product4","Rework","Northwest China",20,"581.49"
"P268828",10,"2016-11-15","2017-2-15","On time delivery","Product6","Quality Passed","Malaysia",1,"27.38"
"P268841",10,"2016-12-15","2017-3-15","On time delivery","Product6","Quality Passed","Malaysia",1,"50.13"
"P269001",10,"2016-11-15","2017-2-15","On time delivery","Product5","Quality Passed","Thailand",1,"190.52"
"P269580",10,"2016-10-15","2017-1-15","On time delivery","Product5","Quality Passed","Thailand",1,"157.06"
"P269606",10,"2016-12-1","2017-1-31","Late delivery","Product6","Quality Passed","Malaysia",313,"1012.31"
"P270687",10,"2016-12-1","2017-1-31","On time delivery","Product6","Quality Passed","Malaysia",1,"1372.98"
"P270759",10,"2016-12-1","2017-1-31","On time delivery","Product6","Rejected","Malaysia",1,"76.44"
"P271594",10,"2016-10-17","2017-1-17","On time delivery","Product2","Quality Passed","East China",2,"46.69"
"P272232",10,"2016-12-1","2017-1-31","On time delivery","Product5","Quality Passed","Thailand",1,"288.48"
"P272240",10,"2016-12-15","2017-3-15","Late delivery","Product2","Quality Passed","East China",1,"237.89"
"P272240",10,"2016-11-22","2017-2-22","Late delivery","Product2","Quality Passed","East China",1,"237.89"
"P272267",10,"2016-12-1","2017-1-31","On time delivery","Product5","Rejected","Thailand",1,"98.19"
"P272359",10,"2016-12-10","2017-3-10","On time delivery","Product3","Quality Passed","North China",1260,"333.83"
"P273040",10,"2016-11-5","2017-2-5","Late delivery","Product6","Quality Passed","Malaysia",1,"32.21"
"P273050",10,"2016-12-1","2017-1-31","On time delivery","Product3","Rework","North China",1,"105.16"
"P273051",10,"2016-11-30","2017-1-30","On time delivery","Product3","Rejected","North China",2,"73.23"
"P273061",10,"2016-12-30","2017-2-28","Late delivery","Product4","Rework","Northwest China",4,"583.53"
"P273122",10,"2016-11-8","2017-2-8","On time delivery","Product3","Quality Passed","North China",2,"31.97"
"P273161",10,"2016-11-15","2017-2-15","On time delivery","Product2","Quality Passed","East China",5,"24.10"
"P273202",10,"2016-10-24","2017-1-24","On time delivery","Product5","Quality Passed","Thailand",2,"205.51"
"P273339",10,"2016-11-15","2017-2-15","On time delivery","Product3","Quality Passed","North China",1,"357.73"
"P273931",10,"2016-12-30","2017-2-28","On time delivery","Product2","Quality Passed","East China",1,"11.07"
"P273980",10,"2016-12-19","2017-3-19","On time delivery","Product2","Quality Passed","East China",4,"22.86"
"P273980",20,"2016-12-19","2017-3-19","On time delivery","Product2","Quality Passed","East China",2,"4.60"
"P274062",20,"2016-12-1","2017-1-31","On time delivery","Product3","Quality Passed","North China",21,"36.29"
"P274089",10,"2016-12-30","2017-2-28","On time delivery","Product6","Quality Passed","Malaysia",1,"45.04"
"P274202",10,"2016-11-15","2017-2-15","On time delivery","Product5","Quality Passed","Thailand",1,"154.81"
"P274973",10,"2016-11-15","2017-2-15","On time delivery","Product2","Quality Passed","East China",4,"76.73"
"P274973",20,"2016-11-15","2017-2-15","On time delivery","Product2","Quality Passed","East China",4,"76.73"
"P275847",10,"2016-11-30","2017-1-30","On time delivery","Product3","Quality Passed","North China",1,"306.49"
"P275918",10,"2016-10-24","2017-1-24","On time delivery","Product2","Quality Passed","East China",2,"2307.36"
"P276849",10,"2016-12-25","2017-2-25","On time delivery","Product3","Quality Passed","North China",1,"8.67"
"P277636",10,"2016-12-15","2017-3-15","On time delivery","Product5","Quality Passed","Thailand",5,"125.03"
"P277636",20,"2016-12-15","2017-3-15","On time delivery","Product5","Quality Passed","Thailand",5,"125.03"
"P277702",10,"2016-12-1","2017-1-31","Late delivery","Product4","Rework","Northwest China",1,"788.26"
"P277720",10,"2016-12-15","2017-3-15","On time delivery","Product5","Quality Passed","Thailand",50,"79.01"
"P277720",20,"2016-12-15","2017-3-15","On time delivery","Product5","Quality Passed","Thailand",2,"71.60"
"P277851",10,"2016-12-1","2017-1-31","On time delivery","Product2","Quality Passed","East China",2,"309.57"
"P277851",20,"2016-12-1","2017-1-31","On time delivery","Product2","Quality Passed","East China",2,"1031.91"
"P277861",10,"2016-11-15","2017-2-15","On time delivery","Product3","Quality Passed","North China",1,"296.18"
"P277941",10,"2016-12-25","2017-2-25","On time delivery","Product2","Rejected","East China",6000,"87.69"
"P278712",10,"2016-12-1","2017-1-31","On time delivery","Product6","Quality Passed","Malaysia",1,"6.31"
"P278911",10,"2016-12-30","2017-2-28","On time delivery","Product6","Quality Passed","Malaysia",1,"1289.40"
"P279648",10,"2016-12-30","2017-2-28","On time delivery","Product2","Quality Passed","East China",1,"439.20"
"P279759",10,"2016-12-30","2017-2-28","On time delivery","Product4","Rework","Northwest China",1,"732.34"
"P279861",10,"2016-11-15","2017-2-15","On time delivery","Product2","Rejected","East China",1,"80.28"
"P280441",10,"2016-12-30","2017-2-28","On time delivery","Product3","Quality Passed","North China",4,"16.53"
"P280444",10,"2016-11-21","2017-2-21","On time delivery","Product5","Quality Passed","Thailand",1,"341.10"
"P280484",10,"2016-11-15","2017-2-15","On time delivery","Product2","Quality Passed","East China",400,"44.84"
"P280551",10,"2016-12-30","2017-2-28","On time delivery","Product6","Rejected","Malaysia",1,"79.42"
"P280616",10,"2016-11-15","2017-2-15","On time delivery","Product3","Quality Passed","North China",1,"11.09"
"P280616",20,"2016-11-15","2017-2-15","On time delivery","Product3","Quality Passed","North China",1,"22.57"
"P280643",10,"2016-11-15","2017-2-15","On time delivery","Product2","Quality Passed","East China",10,"10.09"
"P280643",20,"2016-11-15","2017-2-15","On time delivery","Product2","Quality Passed","East China",10,"12.61"
"P280755",10,"2016-11-15","2017-2-15","On time delivery","Product6","Rejected","Malaysia",20,"27.74"
"P280755",20,"2016-11-15","2017-2-15","On time delivery","Product6","Rejected","Malaysia",20,"27.74"
"P281788",10,"2016-12-30","2017-2-28","On time delivery","Product4","Rework","Northwest China",1000,"432.44"
"P281788",20,"2016-12-30","2017-2-28","On time delivery","Product4","Rework","Northwest China",20,"5.04"
"P281886",10,"2016-12-30","2017-2-28","On time delivery","Product5","Quality Passed","Thailand",60,"191.36"
"P282490",10,"2016-12-30","2017-2-28","On time delivery","Product2","Rework","East China",11500,"8109.03"
"P283061",10,"2016-11-15","2017-2-15","On time delivery","Product2","Quality Passed","East China",2,"401.38"
"P283087",10,"2016-11-15","2017-2-15","Late delivery","Product4","Rework","Northwest China",1,"813.40"
"P283088",10,"2016-12-30","2017-2-28","On time delivery","Product2","Quality Passed","East China",1,"738.65"
"P283143",10,"2016-12-15","2017-3-15","On time delivery","Product6","Quality Passed","Malaysia",1,"17.42"
"P283176",10,"2016-12-30","2017-2-28","On time delivery","Product6","Quality Passed","Malaysia",1,"2121.25"
"P283614",10,"2016-11-7","2017-2-7","Late delivery","Product3","Quality Passed","North China",1,"323.45"
"P283645",10,"2016-12-30","2017-2-28","On time delivery","Product4","Quality Passed","Northwest China",2,"275.71"
"P283645",20,"2016-12-30","2017-2-28","On time delivery","Product4","Quality Passed","Northwest China",2,"275.71"
"P283682",10,"2016-11-15","2017-2-15","On time delivery","Product2","Rework","East China",12,"98.65"
"P283682",30,"2016-11-15","2017-2-15","On time delivery","Product2","Rework","East China",7,"3.81"
"P283742",10,"2016-11-15","2017-2-15","On time delivery","Product2","Quality Passed","East China",2,"4.17"
"P283742",20,"2016-11-15","2017-2-15","On time delivery","Product2","Quality Passed","East China",2,"4.17"
"P284413",10,"2016-11-15","2017-2-15","On time delivery","Product2","Rejected","East China",1,"96.10"
"P284435",10,"2016-12-29","2017-2-28","On time delivery","Product4","Quality Passed","Northwest China",8,"429.65"
"P284435",20,"2016-12-29","2017-2-28","On time delivery","Product4","Quality Passed","Northwest China",1,"6.32"
"P284597",10,"2016-11-20","2017-2-20","Late delivery","Product2","Quality Passed","East China",2,"223.17"
"P284628",10,"2016-11-15","2017-2-15","Late delivery","Product6","Quality Passed","Malaysia",1,"1388.02"
"P285361",10,"2016-12-5","2017-3-5","On time delivery","Product5","Quality Passed","Thailand",6,"119.31"
"P285366",10,"2016-12-15","2017-3-15","On time delivery","Product3","Quality Passed","North China",300,"273.73"
"P285384",10,"2016-11-15","2017-2-15","Late delivery","Product5","Quality Passed","Thailand",1,"340.70"
"P285393",10,"2016-12-9","2017-3-9","On time delivery","Product2","Rejected","East China",2,"1.48"
"P286525",10,"2016-12-15","2017-3-15","On time delivery","Product4","Quality Passed","Northwest China",1,"731.74"
"P286535",10,"2016-11-15","2017-2-15","On time delivery","Product6","Quality Passed","Malaysia",1,"10.09"
"P286572",10,"2016-12-30","2017-2-28","On time delivery","Product6","Quality Passed","Malaysia",798,"1315.75"
"P286572",20,"2016-12-30","2017-2-28","On time delivery","Product6","Quality Passed","Malaysia",12,"13.27"
"P286609",10,"2016-11-15","2017-2-15","On time delivery","Product3","Rework","North China",2,"107.78"
"P287430",10,"2016-12-20","2017-3-20","On time delivery","Product2","Quality Passed","East China",1,"457.37"
"P287430",20,"2016-12-20","2017-3-20","On time delivery","Product2","Quality Passed","East China",1,"457.37"
"P287440",10,"2016-12-15","2017-3-15","On time delivery","Product2","Quality Passed","East China",1,"53.61"
"P287556",10,"2016-12-30","2017-2-28","On time delivery","Product2","Quality Passed","East China",1,"1945.87"
"P287666",10,"2016-11-15","2017-2-15","Late delivery","Product6","Quality Passed","Malaysia",2,"1208.86"
"P287684",10,"2016-11-20","2017-2-20","On time delivery","Product2","Quality Passed","East China",2,"2095.33"
"P288561",10,"2016-11-15","2017-2-15","On time delivery","Product2","Quality Passed","East China",2,"201.59"
"P289277",10,"2016-11-15","2017-2-15","On time delivery","Product6","Rejected","Malaysia",1,"75.44"
"P290202",10,"2016-12-25","2017-2-25","On time delivery","Product3","Rework","North China",1,"55.11"
"P290202",20,"2016-12-25","2017-2-25","On time delivery","Product3","Rework","North China",1,"55.11"
"P290211",10,"2016-12-30","2017-2-28","On time delivery","Product5","Quality Passed","Thailand",1,"23.30"
"P290211",20,"2016-12-30","2017-2-28","On time delivery","Product5","Quality Passed","Thailand",1,"169.47"
"P290256",10,"2016-12-30","2017-2-28","On time delivery","Product5","Quality Passed","Thailand",1,"223.38"
"P290256",20,"2016-12-30","2017-2-28","On time delivery","Product5","Quality Passed","Thailand",1,"305.68"
"P290265",10,"2016-12-8","2017-3-8","On time delivery","Product2","Rework","East China",1,"3014.56"
"P290265",20,"2016-12-8","2017-3-8","On time delivery","Product2","Rework","East China",1,"628.03"
"P290801",10,"2016-11-20","2017-2-20","Late delivery","Product3","Quality Passed","North China",2,"128.32"
"P290822",10,"2016-11-21","2017-2-21","On time delivery","Product2","Quality Passed","East China",2,"120.20"
"P290916",10,"2016-12-30","2017-2-28","On time delivery","Product6","Quality Passed","Malaysia",3,"5.23"
"P290916",20,"2016-12-30","2017-2-28","On time delivery","Product6","Quality Passed","Malaysia",3,"4.52"
"P291696",10,"2016-12-21","2017-3-21","Late delivery","Product3","Quality Passed","North China",1,"21.19"
"P291703",10,"2016-12-30","2017-2-28","On time delivery","Product6","Rejected","Malaysia",1254,"73.15"
"P291832",10,"2016-12-30","2017-2-28","On time delivery","Product5","Quality Passed","Thailand",1,"154.49"
"P292669",10,"2016-12-30","2017-2-28","On time delivery","Product2","Quality Passed","East China",1,"890.61"
"P293768",10,"2016-12-30","2017-2-28","On time delivery","Product2","Quality Passed","East China",1,"294.87"
"P296487",10,"2016-11-1","2017-2-1","Late delivery","Product6","Quality Passed","Malaysia",1,"2178.60"
"P296511",10,"2016-12-29","2017-2-28","On time delivery","Product6","Quality Passed","Malaysia",1,"22.97"
"P297500",10,"2016-12-9","2017-3-9","On time delivery","Product3","Quality Passed","North China",1,"533.97"
"P297641",10,"2016-12-15","2017-3-15","On time delivery","Product6","Quality Passed","Malaysia",1,"44.59"
"P299789",10,"2016-12-14","2017-3-14","On time delivery","Product2","Quality Passed","East China",1,"26.05"
"P299791",10,"2016-12-9","2017-3-9","On time delivery","Product2","Quality Passed","East China",3,"297.44"
"P299901",10,"2016-12-15","2017-3-15","On time delivery","Product6","Quality Passed","Malaysia",2,"200.41"
"P302956",10,"2016-12-22","2017-3-22","On time delivery","Product2","Rejected","East China",20,"79.44"
"P303801",10,"2016-12-15","2017-3-15","On time delivery","Product2","Quality Passed","East China",1,"194.08"
"P307276",10,"2016-12-22","2017-3-22","On time delivery","Product6","Quality Passed","Malaysia",1,"32.18"
"P314165",10,"2016-12-20","2017-3-20","On time delivery","Product2","Quality Passed","East China",1,"1720.92"
